feature	param0_importance	param1_importance	Category15	Category6
14-3-3	0	0	gene_group	pathway
5-3-XDNASE	0	0	gene_group	pathway
A-TUB	0	0	gene_group	pathway
A22P	0	0	gene_group	pathway
AALIG	0	0	gene_group	pathway
AANAT	0	0	gene_group	pathway
AAT-U	0	0	gene_group	pathway
ABCF	0	0	gene_group	pathway
ABCG	0	0	gene_group	pathway
ABCH	0	0	gene_group	pathway
AC	0	0	gene_group	pathway
ACBP	0	0	gene_group	pathway
ACT	0	0	gene_group	pathway
Ala_percent	0.0172760926669543	0.00267671457141435	aa_composition	aa_composition
ALDLYA	0	0	gene_group	pathway
Amphipathic_percent	0.00643042907536449	0.0101674042835616	aa_composition	aa_composition
AP1	0	0	gene_group	pathway
AP2	0	0	gene_group	pathway
AP3	0	0	gene_group	pathway
APC	0	0	gene_group	pathway
ARF	0	0	gene_group	pathway
ARP	0	0	gene_group	pathway
ARPC3A	0	0	gene_group	pathway
ARPC3B	0	0	gene_group	pathway
ASLC	0	0	gene_group	pathway
Asn_percent	0.00407245129737765	0.00829532794230904	aa_composition	aa_composition
Asp_percent	0	0	aa_composition	aa_composition
B-TUB	0	0	gene_group	pathway
BAP	0	0	gene_group	pathway
BARA	0	0	gene_group	pathway
BCM_1_A17d_(FBlc0000072)	0.00210521977306688	0	expression	Gene_expression
BCM_1_E14-16hr_(FBlc0000062)	0	0	expression	Gene_expression
BCM_1_E2-16hr_(FBlc0000063)	0	0	expression	Gene_expression
BCM_1_E2-16hr100_(FBlc0000064)	0	0	expression	Gene_expression
BCM_1_E2-4hr_(FBlc0000061)	0.00208209042601759	0	expression	Gene_expression
BCM_1_FA3d_(FBlc0000068)	0	0.00073035999168784	expression	Gene_expression
BCM_1_L_(FBlc0000071)	0	0	expression	Gene_expression
BCM_1_L3i_(FBlc0000065)	0	0	expression	Gene_expression
BCM_1_L3i100_(FBlc0000066)	0	0	expression	Gene_expression
BCM_1_MA3d_(FBlc0000069)	0	0.00884610413914032	expression	Gene_expression
BCM_1_P_(FBlc0000070)	0	0	expression	Gene_expression
BCM_1_P3d_(FBlc0000067)	0.00086820282155238	0.00106289303022618	expression	Gene_expression
BEST	0	0	gene_group	pathway
Betweenness_Centrality	0.00365808676864116	0.00234599672754733	ppi	interactions
Betweenness_Centrality_2	0	0	rpi	interactions
Betweenness_Centrality_Deciles	0	0	ppi	interactions
Betweenness_Centrality_Percentiles	0	0	ppi	interactions
Betweenness_Centrality_Percentiles_2	0	0	rpi	interactions
Betweenness_Centrality_Quartiles	0	0	ppi	interactions
BMP-N	0	0	signaling_pathway	pathway
CACN-AC	0	0	gene_group	pathway
CAK-XPD	0	0	gene_group	pathway
CBD	0	0	gene_group	pathway
CCT	0	0	gene_group	pathway
CDK	0	0	gene_group	pathway
CDS_GC_content	0.0411618603541557	0.0300564797753806	gene_structure	gene_structure
CDS_length	0.00942373583170173	0.0583525794148484	gene_structure	gene_structure
Charged_percent	0	0.00202059222805825	aa_composition	aa_composition
CKI	0	0	gene_group	pathway
CLECT	0	0	gene_group	pathway
Closeness_Centrality	0.00469389654364408	0.0110631168076157	ppi	interactions
Closeness_Centrality_2	0.00255657463705908	0	rpi	interactions
Closeness_Centrality_Deciles	0	0	ppi	interactions
Closeness_Centrality_Deciles_2	0	0	rpi	interactions
Closeness_Centrality_Percentiles	0	0	ppi	interactions
Closeness_Centrality_Percentiles_2	0	0	rpi	interactions
Closeness_Centrality_Quartiles	0	0	ppi	interactions
Closeness_Centrality_Quartiles_2	0	0	rpi	interactions
Clustering_Coefficient	0	0.00252029090428548	ppi	interactions
Clustering_Coefficient_Deciles	0	0	ppi	interactions
Clustering_Coefficient_Percentiles	0	0	ppi	interactions
Clustering_Coefficient_Quartiles	0	0	ppi	interactions
CMG	0	0	gene_group	pathway
COHSN	0	0	gene_group	pathway
COMP	0	0	gene_group	pathway
COP9	0	0	gene_group	pathway
COP9-T	0	0	gene_group	pathway
Cys_percent	0.00341754693158926	0.00136109074617472	aa_composition	aa_composition
DBDTF-U	0	0.00072270350711208	gene_group	pathway
Degree_Centrality	0.00469202121944266	0	ppi	interactions
Degree_Centrality_2	0	0	rpi	interactions
Degree_Centrality_Deciles	0	0	ppi	interactions
Degree_Centrality_Percentiles	0	0	ppi	interactions
Degree_Centrality_Percentiles_2	0	0	rpi	interactions
Degree_Centrality_Quartiles	0	0	ppi	interactions
DESAT	0	0	gene_group	pathway
DLGTP	0	0	gene_group	pathway
DNAPOLZ	0	0	gene_group	pathway
DOPR	0	0	gene_group	pathway
DRS	0	0	gene_group	pathway
DSCAM	0	0	gene_group	pathway
DSIF	0	0	gene_group	pathway
DSP	0	0	gene_group	pathway
DYN-IAD	0	0	gene_group	pathway
DYN-LC	0	0	gene_group	pathway
DYNOA-IC	0	0	gene_group	pathway
E2	0	0	gene_group	pathway
E3-HECT	0	0	gene_group	pathway
E3-RBR	0	0	gene_group	pathway
E3-TRIM	0	0	gene_group	pathway
E3-UBOX	0	0	gene_group	pathway
ECKL	0	0.00740145541755929	gene_group	pathway
EDNASE-U	0	0	gene_group	pathway
EGFR-C	0	0	signaling_pathway	pathway
EGFR-N	0	0	signaling_pathway	pathway
Eigenvector_Centrality	0.00914937973743015	0	ppi	interactions
Eigenvector_Centrality_2	0.00076210348246245	0.00244842547955825	rpi	interactions
Eigenvector_Centrality_Deciles	0	0	ppi	interactions
Eigenvector_Centrality_Deciles_2	0	0	rpi	interactions
Eigenvector_Centrality_Percentiles	0	0	ppi	interactions
Eigenvector_Centrality_Percentiles_2	0	0	rpi	interactions
Eigenvector_Centrality_Quartiles	0	0	ppi	interactions
ELO	0	0	gene_group	pathway
epidermal_cell_mean_exp	0.00256498843391702	0.0034574883264315	mean_percelltype	Gene_expression
epithelial_cell_mean_exp	0	0.0103192598277617	mean_percelltype	Gene_expression
ESCRT-III	0	0	gene_group	pathway
ETF	0	0	gene_group	pathway
exon_count	0.0114859295701212	0.00878887851707254	gene_structure	gene_structure
fat_cell_mean_exp	0	0.00406538799394929	mean_percelltype	Gene_expression
female_germline_cell_mean_exp	0.00196718855276052	0	mean_percelltype	Gene_expression
FGF	0	0	gene_group	pathway
FH	0	0	gene_group	pathway
fiveUTR_GC_content	0.00355730577160497	0.016571339078026	gene_structure	gene_structure
fiveUTR_length	0.0148419721326823	0.00068795131963647	gene_structure	gene_structure
FLO	0	0	gene_group	pathway
G-SUB-A	0	0	gene_group	pathway
G-SUB-B	0	0	gene_group	pathway
G-TUB	0	0	gene_group	pathway
G-TUSC	0	0	gene_group	pathway
GABA-CL	0	0	gene_group	pathway
GAHSB	0	0	metabolic_pathway	pathway
GAPDH	0	0	gene_group	pathway
GAT1	0	0	gene_group	pathway
GAT2	0	0	gene_group	pathway
GBP	0	0	gene_group	pathway
GCK	0	0	gene_group	pathway
GDPFUC	0	0	metabolic_pathway	pathway
glial_cell_mean_exp	0	0.00090583426850019	mean_percelltype	Gene_expression
Gln_percent	0.0125332997153667	0.0103660248673563	aa_composition	aa_composition
GLPSH	0	0	metabolic_pathway	pathway
Glu_percent	0.00385148174999808	0.00106288608615435	aa_composition	aa_composition
GLUCO	0	0	metabolic_pathway	pathway
GLUE	0	0	gene_group	pathway
GLURII	0	0	gene_group	pathway
Gly_percent	0	0	aa_composition	aa_composition
GLYCO	0	0	metabolic_pathway	pathway
GMCOR	0	0	gene_group	pathway
GO:0000028	0	0	GO_terms	pathway
GO:0000045	0	0	GO_terms	pathway
GO:0000062	0	0	GO_terms	pathway
GO:0000082	0	0	GO_terms	pathway
GO:0000122	0.00466047114780262	0	GO_terms	pathway
GO:0000123	0	0	GO_terms	pathway
GO:0000124	0	0	GO_terms	pathway
GO:0000146	0	0	GO_terms	pathway
GO:0000149	0	0	GO_terms	pathway
GO:0000151	0	0	GO_terms	pathway
GO:0000164	0	0	GO_terms	pathway
GO:0000165	0	0	GO_terms	pathway
GO:0000184	0	0	GO_terms	pathway
GO:0000209	0	0.00260776634104836	GO_terms	pathway
GO:0000220	0	0	GO_terms	pathway
GO:0000221	0	0	GO_terms	pathway
GO:0000226	0	0	GO_terms	pathway
GO:0000228	0	0	GO_terms	pathway
GO:0000243	0	0	GO_terms	pathway
GO:0000244	0	0	GO_terms	pathway
GO:0000245	0	0	GO_terms	pathway
GO:0000278	0	0	GO_terms	pathway
GO:0000281	0.00304368522935686	0	GO_terms	pathway
GO:0000287	0	0	GO_terms	pathway
GO:0000307	0	0	GO_terms	pathway
GO:0000338	0	0	GO_terms	pathway
GO:0000379	0	0	GO_terms	pathway
GO:0000380	0	0	GO_terms	pathway
GO:0000381	0	0	GO_terms	pathway
GO:0000387	0	0	GO_terms	pathway
GO:0000398	0	0	GO_terms	pathway
GO:0000421	0	0	GO_terms	pathway
GO:0000423	0	0	GO_terms	pathway
GO:0000439	0	0	GO_terms	pathway
GO:0000493	0	0	GO_terms	pathway
GO:0000502	0	0	GO_terms	pathway
GO:0000724	0	0	GO_terms	pathway
GO:0000727	0	0	GO_terms	pathway
GO:0000779	0	0	GO_terms	pathway
GO:0000785	0	0.00483644923296953	GO_terms	pathway
GO:0000786	0	0	GO_terms	pathway
GO:0000791	0	0	GO_terms	pathway
GO:0000795	0	0	GO_terms	pathway
GO:0000812	0	0	GO_terms	pathway
GO:0000815	0	0	GO_terms	pathway
GO:0000822	0	0	GO_terms	pathway
GO:0000900	0	0	GO_terms	pathway
GO:0000902	0	0	GO_terms	pathway
GO:0000974	0	0	GO_terms	pathway
GO:0000993	0	0	GO_terms	pathway
GO:0001099	0	0	GO_terms	pathway
GO:0001111	0	0	GO_terms	pathway
GO:0001113	0	0	GO_terms	pathway
GO:0001178	0	0	GO_terms	pathway
GO:0001222	0	0	GO_terms	pathway
GO:0001223	0	0	GO_terms	pathway
GO:0001508	0	0	GO_terms	pathway
GO:0001558	0	0	GO_terms	pathway
GO:0001653	0	0	GO_terms	pathway
GO:0001654	0	0	GO_terms	pathway
GO:0001664	0	0	GO_terms	pathway
GO:0001666	0	0	GO_terms	pathway
GO:0001700	0	0	GO_terms	pathway
GO:0001726	0	0	GO_terms	pathway
GO:0001731	0	0	GO_terms	pathway
GO:0001736	0	0	GO_terms	pathway
GO:0001737	0	0	GO_terms	pathway
GO:0001738	0	0	GO_terms	pathway
GO:0001742	0	0	GO_terms	pathway
GO:0001745	0	0	GO_terms	pathway
GO:0001746	0	0	GO_terms	pathway
GO:0001748	0	0	GO_terms	pathway
GO:0001751	0	0	GO_terms	pathway
GO:0001752	0	0	GO_terms	pathway
GO:0001754	0	0	GO_terms	pathway
GO:0001764	0	0	GO_terms	pathway
GO:0001784	0	0	GO_terms	pathway
GO:0001883	0	0	GO_terms	pathway
GO:0001933	0	0	GO_terms	pathway
GO:0002009	0	0	GO_terms	pathway
GO:0002027	0	0	GO_terms	pathway
GO:0002031	0	0	GO_terms	pathway
GO:0002052	0	0	GO_terms	pathway
GO:0002118	0	0	GO_terms	pathway
GO:0002143	0	0	GO_terms	pathway
GO:0002164	0	0	GO_terms	pathway
GO:0002181	0	0	GO_terms	pathway
GO:0002183	0	0	GO_terms	pathway
GO:0002188	0	0	GO_terms	pathway
GO:0002376	0	0	GO_terms	pathway
GO:0002385	0	0	GO_terms	pathway
GO:0003007	0	0	GO_terms	pathway
GO:0003015	0	0	GO_terms	pathway
GO:0003151	0	0	GO_terms	pathway
GO:0003333	0	0	GO_terms	pathway
GO:0003341	0	0	GO_terms	pathway
GO:0003380	0	0	GO_terms	pathway
GO:0003383	0	0	GO_terms	pathway
GO:0003674	0	0.00183711409968904	GO_terms	pathway
GO:0003677	0	0	GO_terms	pathway
GO:0003682	0	0	GO_terms	pathway
GO:0003684	0	0	GO_terms	pathway
GO:0003712	0	0	GO_terms	pathway
GO:0003713	0	0	GO_terms	pathway
GO:0003723	0	0	GO_terms	pathway
GO:0003729	0	0	GO_terms	pathway
GO:0003730	0	0	GO_terms	pathway
GO:0003735	0	0	GO_terms	pathway
GO:0003743	0	0	GO_terms	pathway
GO:0003746	0	0	GO_terms	pathway
GO:0003774	0	0	GO_terms	pathway
GO:0003777	0	0	GO_terms	pathway
GO:0003779	0	0	GO_terms	pathway
GO:0003899	0	0	GO_terms	pathway
GO:0003906	0	0	GO_terms	pathway
GO:0003924	0	0	GO_terms	pathway
GO:0004013	0	0	GO_terms	pathway
GO:0004016	0	0	GO_terms	pathway
GO:0004059	0	0	GO_terms	pathway
GO:0004252	0	0	GO_terms	pathway
GO:0004332	0	0	GO_terms	pathway
GO:0004333	0	0	GO_terms	pathway
GO:0004345	0	0	GO_terms	pathway
GO:0004352	0	0	GO_terms	pathway
GO:0004365	0	0	GO_terms	pathway
GO:0004383	0	0	GO_terms	pathway
GO:0004435	0	0	GO_terms	pathway
GO:0004470	0	0	GO_terms	pathway
GO:0004473	0	0	GO_terms	pathway
GO:0004520	0	0	GO_terms	pathway
GO:0004622	0	0	GO_terms	pathway
GO:0004656	0	0.015577043281886	GO_terms	pathway
GO:0004672	0	0	GO_terms	pathway
GO:0004674	0	0	GO_terms	pathway
GO:0004691	0	0	GO_terms	pathway
GO:0004693	0	0	GO_terms	pathway
GO:0004697	0	0	GO_terms	pathway
GO:0004708	0	0	GO_terms	pathway
GO:0004713	0	0	GO_terms	pathway
GO:0004721	0	0	GO_terms	pathway
GO:0004722	0	0	GO_terms	pathway
GO:0004725	0	0	GO_terms	pathway
GO:0004739	0	0	GO_terms	pathway
GO:0004768	0	0	GO_terms	pathway
GO:0004775	0	0	GO_terms	pathway
GO:0004776	0	0	GO_terms	pathway
GO:0004805	0	0	GO_terms	pathway
GO:0004822	0	0	GO_terms	pathway
GO:0004842	0	0	GO_terms	pathway
GO:0004843	0	0	GO_terms	pathway
GO:0004862	0	0	GO_terms	pathway
GO:0004867	0	0	GO_terms	pathway
GO:0004888	0	0	GO_terms	pathway
GO:0004890	0	0	GO_terms	pathway
GO:0004930	0	0	GO_terms	pathway
GO:0004970	0	0	GO_terms	pathway
GO:0005049	0	0	GO_terms	pathway
GO:0005085	0	0	GO_terms	pathway
GO:0005092	0	0	GO_terms	pathway
GO:0005096	0	0	GO_terms	pathway
GO:0005112	0	0	GO_terms	pathway
GO:0005158	0	0	GO_terms	pathway
GO:0005198	0	0	GO_terms	pathway
GO:0005200	0	0	GO_terms	pathway
GO:0005229	0	0	GO_terms	pathway
GO:0005230	0	0	GO_terms	pathway
GO:0005231	0	0	GO_terms	pathway
GO:0005243	0	0	GO_terms	pathway
GO:0005245	0	0	GO_terms	pathway
GO:0005246	0	0	GO_terms	pathway
GO:0005249	0	0	GO_terms	pathway
GO:0005254	0	0	GO_terms	pathway
GO:0005261	0	0	GO_terms	pathway
GO:0005262	0	0	GO_terms	pathway
GO:0005267	0	0	GO_terms	pathway
GO:0005283	0	0	GO_terms	pathway
GO:0005313	0	0	GO_terms	pathway
GO:0005315	0	0	GO_terms	pathway
GO:0005381	0	0	GO_terms	pathway
GO:0005456	0	0	GO_terms	pathway
GO:0005484	0	0	GO_terms	pathway
GO:0005509	0	0	GO_terms	pathway
GO:0005515	0	0	GO_terms	pathway
GO:0005516	0	0	GO_terms	pathway
GO:0005524	0	0	GO_terms	pathway
GO:0005525	0	0	GO_terms	pathway
GO:0005528	0	0	GO_terms	pathway
GO:0005534	0	0	GO_terms	pathway
GO:0005536	0	0	GO_terms	pathway
GO:0005544	0	0	GO_terms	pathway
GO:0005546	0	0	GO_terms	pathway
GO:0005549	0	0	GO_terms	pathway
GO:0005575	0	0	GO_terms	pathway
GO:0005576	0	0	GO_terms	pathway
GO:0005615	0.00023634352629005	0	GO_terms	pathway
GO:0005634	0.00574161600633695	0	GO_terms	pathway
GO:0005635	0	0	GO_terms	pathway
GO:0005652	0	0	GO_terms	pathway
GO:0005654	0	0	GO_terms	pathway
GO:0005665	0	0	GO_terms	pathway
GO:0005666	0	0	GO_terms	pathway
GO:0005667	0	0	GO_terms	pathway
GO:0005673	0	0	GO_terms	pathway
GO:0005675	0	0	GO_terms	pathway
GO:0005680	0	0	GO_terms	pathway
GO:0005681	0	0	GO_terms	pathway
GO:0005682	0	0	GO_terms	pathway
GO:0005685	0	0	GO_terms	pathway
GO:0005686	0	0	GO_terms	pathway
GO:0005687	0	0	GO_terms	pathway
GO:0005688	0	0	GO_terms	pathway
GO:0005700	0.00145369212149932	0	GO_terms	pathway
GO:0005703	0	0	GO_terms	pathway
GO:0005705	0	0	GO_terms	pathway
GO:0005736	0	0	GO_terms	pathway
GO:0005737	0	0	GO_terms	pathway
GO:0005739	0	0	GO_terms	pathway
GO:0005740	0	0	GO_terms	pathway
GO:0005741	0	0	GO_terms	pathway
GO:0005743	0	0	GO_terms	pathway
GO:0005759	0	0	GO_terms	pathway
GO:0005764	0	0	GO_terms	pathway
GO:0005765	0	0	GO_terms	pathway
GO:0005768	0	0	GO_terms	pathway
GO:0005769	0.00598249935436685	0	GO_terms	pathway
GO:0005770	0	0	GO_terms	pathway
GO:0005774	0	0	GO_terms	pathway
GO:0005776	0	0	GO_terms	pathway
GO:0005777	0	0	GO_terms	pathway
GO:0005783	0.00071890338240102	0	GO_terms	pathway
GO:0005784	0	0	GO_terms	pathway
GO:0005786	0	0	GO_terms	pathway
GO:0005793	0	0	GO_terms	pathway
GO:0005794	0	0	GO_terms	pathway
GO:0005802	0	0	GO_terms	pathway
GO:0005813	0	0	GO_terms	pathway
GO:0005829	0	0	GO_terms	pathway
GO:0005832	0	0	GO_terms	pathway
GO:0005834	0	0	GO_terms	pathway
GO:0005838	0	0	GO_terms	pathway
GO:0005840	0	0	GO_terms	pathway
GO:0005847	0	0	GO_terms	pathway
GO:0005852	0	0	GO_terms	pathway
GO:0005853	0	0	GO_terms	pathway
GO:0005856	0	0	GO_terms	pathway
GO:0005865	0	0	GO_terms	pathway
GO:0005868	0	0	GO_terms	pathway
GO:0005869	0	0	GO_terms	pathway
GO:0005871	0	0	GO_terms	pathway
GO:0005874	0	0	GO_terms	pathway
GO:0005885	0	0	GO_terms	pathway
GO:0005886	0	0	GO_terms	pathway
GO:0005891	0	0	GO_terms	pathway
GO:0005892	0	0	GO_terms	pathway
GO:0005902	0	0	GO_terms	pathway
GO:0005911	0	0	GO_terms	pathway
GO:0005912	0	0.00059490245645499	GO_terms	pathway
GO:0005918	0	0	GO_terms	pathway
GO:0005920	0	0	GO_terms	pathway
GO:0005921	0	0	GO_terms	pathway
GO:0005929	0	0	GO_terms	pathway
GO:0005938	0	0	GO_terms	pathway
GO:0005952	0	0	GO_terms	pathway
GO:0005955	0	0	GO_terms	pathway
GO:0005956	0	0	GO_terms	pathway
GO:0005977	0	0	GO_terms	pathway
GO:0005979	0	0	GO_terms	pathway
GO:0005981	0	0	GO_terms	pathway
GO:0005992	0	0	GO_terms	pathway
GO:0006001	0	0	GO_terms	pathway
GO:0006002	0	0	GO_terms	pathway
GO:0006006	0	0	GO_terms	pathway
GO:0006015	0	0	GO_terms	pathway
GO:0006047	0	0	GO_terms	pathway
GO:0006048	0	0	GO_terms	pathway
GO:0006067	0	0	GO_terms	pathway
GO:0006086	0	0	GO_terms	pathway
GO:0006090	0	0	GO_terms	pathway
GO:0006094	0	0	GO_terms	pathway
GO:0006096	0	0	GO_terms	pathway
GO:0006099	0	0	GO_terms	pathway
GO:0006102	0	0	GO_terms	pathway
GO:0006103	0	0	GO_terms	pathway
GO:0006106	0	0	GO_terms	pathway
GO:0006107	0	0	GO_terms	pathway
GO:0006108	0	0	GO_terms	pathway
GO:0006116	0	0	GO_terms	pathway
GO:0006119	0	0	GO_terms	pathway
GO:0006120	0	0	GO_terms	pathway
GO:0006164	0	0	GO_terms	pathway
GO:0006182	0	0	GO_terms	pathway
GO:0006301	0	0	GO_terms	pathway
GO:0006302	0	0	GO_terms	pathway
GO:0006303	0	0	GO_terms	pathway
GO:0006307	0	0	GO_terms	pathway
GO:0006308	0	0	GO_terms	pathway
GO:0006325	0	0	GO_terms	pathway
GO:0006334	0	0	GO_terms	pathway
GO:0006338	0	0	GO_terms	pathway
GO:0006351	0.00077406081465449	0	GO_terms	pathway
GO:0006352	0	0	GO_terms	pathway
GO:0006355	0	0	GO_terms	pathway
GO:0006357	0.00089318533712928	0	GO_terms	pathway
GO:0006366	0	0	GO_terms	pathway
GO:0006367	0	0	GO_terms	pathway
GO:0006368	0	0	GO_terms	pathway
GO:0006412	0	0	GO_terms	pathway
GO:0006413	0	0	GO_terms	pathway
GO:0006414	0	0	GO_terms	pathway
GO:0006417	0	0	GO_terms	pathway
GO:0006428	0	0	GO_terms	pathway
GO:0006446	0	0	GO_terms	pathway
GO:0006457	0	0	GO_terms	pathway
GO:0006465	0	0	GO_terms	pathway
GO:0006468	0	0	GO_terms	pathway
GO:0006487	0	0	GO_terms	pathway
GO:0006508	0	0	GO_terms	pathway
GO:0006511	0	0	GO_terms	pathway
GO:0006520	0	0	GO_terms	pathway
GO:0006537	0	0	GO_terms	pathway
GO:0006538	0	0	GO_terms	pathway
GO:0006607	0	0	GO_terms	pathway
GO:0006614	0	0	GO_terms	pathway
GO:0006616	0	0	GO_terms	pathway
GO:0006627	0	0	GO_terms	pathway
GO:0006629	0	0	GO_terms	pathway
GO:0006631	0	0	GO_terms	pathway
GO:0006635	0	0	GO_terms	pathway
GO:0006636	0	0	GO_terms	pathway
GO:0006641	0	0	GO_terms	pathway
GO:0006723	0	0	GO_terms	pathway
GO:0006730	0	0	GO_terms	pathway
GO:0006734	0	0	GO_terms	pathway
GO:0006811	0	0	GO_terms	pathway
GO:0006812	0	0.00477773081518858	GO_terms	pathway
GO:0006813	0	0	GO_terms	pathway
GO:0006816	0	0.00491673159166267	GO_terms	pathway
GO:0006817	0	0	GO_terms	pathway
GO:0006821	0	0	GO_terms	pathway
GO:0006826	0	0	GO_terms	pathway
GO:0006839	0	0	GO_terms	pathway
GO:0006874	0	0	GO_terms	pathway
GO:0006879	0	0	GO_terms	pathway
GO:0006886	0	0	GO_terms	pathway
GO:0006887	0	0	GO_terms	pathway
GO:0006888	0	0	GO_terms	pathway
GO:0006890	0	0	GO_terms	pathway
GO:0006896	0	0	GO_terms	pathway
GO:0006897	0	0	GO_terms	pathway
GO:0006906	0	0	GO_terms	pathway
GO:0006911	0	0	GO_terms	pathway
GO:0006914	0	0	GO_terms	pathway
GO:0006930	0	0	GO_terms	pathway
GO:0006936	0	0	GO_terms	pathway
GO:0006937	0	0	GO_terms	pathway
GO:0006952	0	0	GO_terms	pathway
GO:0006955	0	0	GO_terms	pathway
GO:0006970	0	0	GO_terms	pathway
GO:0006979	0	0	GO_terms	pathway
GO:0006995	0	0	GO_terms	pathway
GO:0006998	0	0	GO_terms	pathway
GO:0007005	0	0.00499510098111085	GO_terms	pathway
GO:0007010	0	0	GO_terms	pathway
GO:0007015	0	0	GO_terms	pathway
GO:0007017	0	0	GO_terms	pathway
GO:0007018	0	0.00104805598324896	GO_terms	pathway
GO:0007030	0	0	GO_terms	pathway
GO:0007032	0	0	GO_terms	pathway
GO:0007034	0	0	GO_terms	pathway
GO:0007035	0	0	GO_terms	pathway
GO:0007040	0	0	GO_terms	pathway
GO:0007051	0	0	GO_terms	pathway
GO:0007052	0	0	GO_terms	pathway
GO:0007057	0	0	GO_terms	pathway
GO:0007059	0	0	GO_terms	pathway
GO:0007088	0	0	GO_terms	pathway
GO:0007112	0	0	GO_terms	pathway
GO:0007129	0	0	GO_terms	pathway
GO:0007131	0	0	GO_terms	pathway
GO:0007154	0	0	GO_terms	pathway
GO:0007155	0	0	GO_terms	pathway
GO:0007156	0	0	GO_terms	pathway
GO:0007165	0	0	GO_terms	pathway
GO:0007168	0	0	GO_terms	pathway
GO:0007169	0	0	GO_terms	pathway
GO:0007173	0	0	GO_terms	pathway
GO:0007186	0	0	GO_terms	pathway
GO:0007189	0	0	GO_terms	pathway
GO:0007191	0	0	GO_terms	pathway
GO:0007214	0	0	GO_terms	pathway
GO:0007219	0	0	GO_terms	pathway
GO:0007220	0	0	GO_terms	pathway
GO:0007254	0	0	GO_terms	pathway
GO:0007259	0	0	GO_terms	pathway
GO:0007264	0	0	GO_terms	pathway
GO:0007265	0	0	GO_terms	pathway
GO:0007266	0	0	GO_terms	pathway
GO:0007268	0	0.00122969401427987	GO_terms	pathway
GO:0007269	0	0	GO_terms	pathway
GO:0007271	0	0	GO_terms	pathway
GO:0007274	0	0	GO_terms	pathway
GO:0007281	0	0	GO_terms	pathway
GO:0007283	0	0	GO_terms	pathway
GO:0007291	0	0	GO_terms	pathway
GO:0007293	0	0	GO_terms	pathway
GO:0007294	0	0	GO_terms	pathway
GO:0007298	0	0	GO_terms	pathway
GO:0007300	0	0	GO_terms	pathway
GO:0007301	0	0	GO_terms	pathway
GO:0007310	0	0	GO_terms	pathway
GO:0007312	0	0	GO_terms	pathway
GO:0007314	0	0	GO_terms	pathway
GO:0007317	0	0	GO_terms	pathway
GO:0007346	0	0	GO_terms	pathway
GO:0007349	0	0	GO_terms	pathway
GO:0007350	0	0	GO_terms	pathway
GO:0007367	0	0	GO_terms	pathway
GO:0007368	0	0	GO_terms	pathway
GO:0007370	0	0	GO_terms	pathway
GO:0007379	0	0	GO_terms	pathway
GO:0007390	0	0	GO_terms	pathway
GO:0007391	0	0	GO_terms	pathway
GO:0007394	0	0	GO_terms	pathway
GO:0007399	0	0	GO_terms	pathway
GO:0007405	0	0	GO_terms	pathway
GO:0007406	0	0	GO_terms	pathway
GO:0007409	0	0.00225017543143602	GO_terms	pathway
GO:0007411	0	0	GO_terms	pathway
GO:0007412	0	0	GO_terms	pathway
GO:0007413	0	0	GO_terms	pathway
GO:0007416	0	0	GO_terms	pathway
GO:0007417	0	0	GO_terms	pathway
GO:0007419	0	0	GO_terms	pathway
GO:0007420	0	0	GO_terms	pathway
GO:0007422	0	0	GO_terms	pathway
GO:0007423	0	0	GO_terms	pathway
GO:0007424	0	0	GO_terms	pathway
GO:0007426	0	0	GO_terms	pathway
GO:0007427	0	0	GO_terms	pathway
GO:0007430	0	0.0002616957612548	GO_terms	pathway
GO:0007431	0	0	GO_terms	pathway
GO:0007432	0	0	GO_terms	pathway
GO:0007435	0	0	GO_terms	pathway
GO:0007442	0	0	GO_terms	pathway
GO:0007443	0	0	GO_terms	pathway
GO:0007444	0	0	GO_terms	pathway
GO:0007446	0	0	GO_terms	pathway
GO:0007460	0	0	GO_terms	pathway
GO:0007464	0	0	GO_terms	pathway
GO:0007465	0	0	GO_terms	pathway
GO:0007472	0	0	GO_terms	pathway
GO:0007474	0	0	GO_terms	pathway
GO:0007476	0	0	GO_terms	pathway
GO:0007478	0	0	GO_terms	pathway
GO:0007480	0	0	GO_terms	pathway
GO:0007498	0	0	GO_terms	pathway
GO:0007507	0	0	GO_terms	pathway
GO:0007517	0	0	GO_terms	pathway
GO:0007520	0	0	GO_terms	pathway
GO:0007521	0	0	GO_terms	pathway
GO:0007525	0	0	GO_terms	pathway
GO:0007526	0	0	GO_terms	pathway
GO:0007528	0	0	GO_terms	pathway
GO:0007594	0	0	GO_terms	pathway
GO:0007601	0	0	GO_terms	pathway
GO:0007602	0	0	GO_terms	pathway
GO:0007605	0	0	GO_terms	pathway
GO:0007606	0	0	GO_terms	pathway
GO:0007611	0	0	GO_terms	pathway
GO:0007613	0	0	GO_terms	pathway
GO:0007614	0	0	GO_terms	pathway
GO:0007615	0	0	GO_terms	pathway
GO:0007616	0	0	GO_terms	pathway
GO:0007619	0	0	GO_terms	pathway
GO:0007622	0	0	GO_terms	pathway
GO:0007623	0	0	GO_terms	pathway
GO:0007626	0	0	GO_terms	pathway
GO:0007628	0	0	GO_terms	pathway
GO:0007629	0	0	GO_terms	pathway
GO:0007630	0	0	GO_terms	pathway
GO:0007632	0	0	GO_terms	pathway
GO:0007637	0	0	GO_terms	pathway
GO:0007638	0	0	GO_terms	pathway
GO:0008020	0	0	GO_terms	pathway
GO:0008021	0	0	GO_terms	pathway
GO:0008023	0.00365611994608183	0	GO_terms	pathway
GO:0008028	0	0	GO_terms	pathway
GO:0008033	0	0	GO_terms	pathway
GO:0008039	0	0	GO_terms	pathway
GO:0008045	0	0	GO_terms	pathway
GO:0008046	0	0	GO_terms	pathway
GO:0008047	0	0	GO_terms	pathway
GO:0008048	0	0	GO_terms	pathway
GO:0008061	0	0	GO_terms	pathway
GO:0008062	0	0	GO_terms	pathway
GO:0008066	0	0	GO_terms	pathway
GO:0008069	0	0	GO_terms	pathway
GO:0008076	0	0	GO_terms	pathway
GO:0008078	0	0	GO_terms	pathway
GO:0008088	0	0	GO_terms	pathway
GO:0008089	0	0	GO_terms	pathway
GO:0008090	0	0	GO_terms	pathway
GO:0008103	0	0	GO_terms	pathway
GO:0008104	0	0	GO_terms	pathway
GO:0008126	0	0	GO_terms	pathway
GO:0008137	0	0	GO_terms	pathway
GO:0008138	0	0	GO_terms	pathway
GO:0008150	0	0	GO_terms	pathway
GO:0008168	0	0	GO_terms	pathway
GO:0008173	0	0	GO_terms	pathway
GO:0008180	0	0	GO_terms	pathway
GO:0008188	0	0	GO_terms	pathway
GO:0008194	0	0.00162873364745468	GO_terms	pathway
GO:0008195	0	0	GO_terms	pathway
GO:0008231	0	0	GO_terms	pathway
GO:0008237	0	0	GO_terms	pathway
GO:0008250	0	0	GO_terms	pathway
GO:0008258	0	0	GO_terms	pathway
GO:0008266	0	0	GO_terms	pathway
GO:0008284	0	0	GO_terms	pathway
GO:0008285	0	0	GO_terms	pathway
GO:0008286	0	0	GO_terms	pathway
GO:0008306	0	0	GO_terms	pathway
GO:0008312	0	0	GO_terms	pathway
GO:0008320	0	0	GO_terms	pathway
GO:0008328	0	0	GO_terms	pathway
GO:0008340	0	0	GO_terms	pathway
GO:0008344	0	0	GO_terms	pathway
GO:0008345	0	0	GO_terms	pathway
GO:0008347	0	0	GO_terms	pathway
GO:0008348	0	0	GO_terms	pathway
GO:0008354	0	0	GO_terms	pathway
GO:0008355	0	0	GO_terms	pathway
GO:0008356	0	0	GO_terms	pathway
GO:0008360	0	0	GO_terms	pathway
GO:0008361	0	0	GO_terms	pathway
GO:0008362	0	0	GO_terms	pathway
GO:0008363	0	0	GO_terms	pathway
GO:0008379	0	0	GO_terms	pathway
GO:0008380	0	0	GO_terms	pathway
GO:0008381	0	0	GO_terms	pathway
GO:0008406	0.00191044042155472	0	GO_terms	pathway
GO:0008407	0	0	GO_terms	pathway
GO:0008408	0	0	GO_terms	pathway
GO:0008429	0	0	GO_terms	pathway
GO:0008432	0	0	GO_terms	pathway
GO:0008527	0	0	GO_terms	pathway
GO:0008540	0	0	GO_terms	pathway
GO:0008541	0	0	GO_terms	pathway
GO:0008543	0	0	GO_terms	pathway
GO:0008544	0	0	GO_terms	pathway
GO:0008566	0	0	GO_terms	pathway
GO:0008569	0	0	GO_terms	pathway
GO:0008582	0	0	GO_terms	pathway
GO:0008586	0	0	GO_terms	pathway
GO:0008587	0	0	GO_terms	pathway
GO:0008594	0	0.00110371149349095	GO_terms	pathway
GO:0008597	0	0	GO_terms	pathway
GO:0008603	0	0	GO_terms	pathway
GO:0008643	0	0	GO_terms	pathway
GO:0008654	0	0	GO_terms	pathway
GO:0008745	0	0	GO_terms	pathway
GO:0008774	0	0	GO_terms	pathway
GO:0009052	0	0	GO_terms	pathway
GO:0009055	0	0	GO_terms	pathway
GO:0009165	0	0	GO_terms	pathway
GO:0009190	0	0	GO_terms	pathway
GO:0009253	0	0	GO_terms	pathway
GO:0009266	0	0	GO_terms	pathway
GO:0009267	0	0	GO_terms	pathway
GO:0009361	0	0	GO_terms	pathway
GO:0009408	0	0	GO_terms	pathway
GO:0009410	0	0	GO_terms	pathway
GO:0009416	0	0	GO_terms	pathway
GO:0009584	0	0	GO_terms	pathway
GO:0009589	0	0	GO_terms	pathway
GO:0009593	0	0	GO_terms	pathway
GO:0009636	0	0	GO_terms	pathway
GO:0009649	0	0	GO_terms	pathway
GO:0009791	0	0	GO_terms	pathway
GO:0009792	0	0	GO_terms	pathway
GO:0009880	0	0.00537642914638726	GO_terms	pathway
GO:0009887	0	0	GO_terms	pathway
GO:0009897	0	0	GO_terms	pathway
GO:0009953	0	0	GO_terms	pathway
GO:0009957	0	0	GO_terms	pathway
GO:0010038	0	0	GO_terms	pathway
GO:0010389	0	0	GO_terms	pathway
GO:0010458	0	0	GO_terms	pathway
GO:0010468	0	0	GO_terms	pathway
GO:0010496	0	0	GO_terms	pathway
GO:0010506	0	0	GO_terms	pathway
GO:0010507	0	0	GO_terms	pathway
GO:0010508	0	0	GO_terms	pathway
GO:0010592	0	0	GO_terms	pathway
GO:0010593	0	0	GO_terms	pathway
GO:0010628	0	0	GO_terms	pathway
GO:0010629	0	0	GO_terms	pathway
GO:0010821	0	0	GO_terms	pathway
GO:0010884	0	0	GO_terms	pathway
GO:0010891	0	0	GO_terms	pathway
GO:0010898	0	0	GO_terms	pathway
GO:0010970	0	0	GO_terms	pathway
GO:0010972	0	0	GO_terms	pathway
GO:0010996	0	0	GO_terms	pathway
GO:0012505	0	0	GO_terms	pathway
GO:0014019	0	0	GO_terms	pathway
GO:0015014	0	0	GO_terms	pathway
GO:0015015	0	0	GO_terms	pathway
GO:0015026	0	0	GO_terms	pathway
GO:0015116	0	0	GO_terms	pathway
GO:0015117	0	0	GO_terms	pathway
GO:0015137	0	0	GO_terms	pathway
GO:0015141	0	0	GO_terms	pathway
GO:0015171	0	0	GO_terms	pathway
GO:0015175	0	0	GO_terms	pathway
GO:0015179	0	0	GO_terms	pathway
GO:0015271	0	0	GO_terms	pathway
GO:0015276	0	0.00169014577689947	GO_terms	pathway
GO:0015277	0	0	GO_terms	pathway
GO:0015279	0	0	GO_terms	pathway
GO:0015293	0	0	GO_terms	pathway
GO:0015377	0	0	GO_terms	pathway
GO:0015459	0	0	GO_terms	pathway
GO:0015464	0	0	GO_terms	pathway
GO:0015574	0	0	GO_terms	pathway
GO:0015629	0.00112132518600475	0	GO_terms	pathway
GO:0015630	0	0	GO_terms	pathway
GO:0015709	0	0	GO_terms	pathway
GO:0015718	0	0	GO_terms	pathway
GO:0015744	0	0	GO_terms	pathway
GO:0015746	0	0	GO_terms	pathway
GO:0015782	0	0	GO_terms	pathway
GO:0015812	0	0	GO_terms	pathway
GO:0015813	0	0	GO_terms	pathway
GO:0015914	0	0	GO_terms	pathway
GO:0015934	0	0	GO_terms	pathway
GO:0015935	0	0	GO_terms	pathway
GO:0015986	0	0	GO_terms	pathway
GO:0016007	0	0	GO_terms	pathway
GO:0016008	0	0.00056389961027235	GO_terms	pathway
GO:0016020	0	0	GO_terms	pathway
GO:0016027	0	0	GO_terms	pathway
GO:0016028	0	0	GO_terms	pathway
GO:0016032	0	0	GO_terms	pathway
GO:0016035	0	0	GO_terms	pathway
GO:0016055	0	0	GO_terms	pathway
GO:0016056	0	0	GO_terms	pathway
GO:0016057	0	0	GO_terms	pathway
GO:0016059	0	0	GO_terms	pathway
GO:0016060	0	0	GO_terms	pathway
GO:0016079	0	0	GO_terms	pathway
GO:0016080	0	0	GO_terms	pathway
GO:0016081	0	0	GO_terms	pathway
GO:0016082	0	0	GO_terms	pathway
GO:0016180	0	0	GO_terms	pathway
GO:0016192	0	0	GO_terms	pathway
GO:0016199	0	0	GO_terms	pathway
GO:0016201	0	0	GO_terms	pathway
GO:0016203	0	0	GO_terms	pathway
GO:0016236	0	0	GO_terms	pathway
GO:0016239	0	0	GO_terms	pathway
GO:0016251	0	0	GO_terms	pathway
GO:0016282	0	0	GO_terms	pathway
GO:0016318	0	0	GO_terms	pathway
GO:0016319	0	0	GO_terms	pathway
GO:0016322	0	0	GO_terms	pathway
GO:0016324	0	0	GO_terms	pathway
GO:0016325	0	0	GO_terms	pathway
GO:0016327	0	0	GO_terms	pathway
GO:0016328	0	0	GO_terms	pathway
GO:0016360	0	0	GO_terms	pathway
GO:0016459	0	0	GO_terms	pathway
GO:0016471	0	0	GO_terms	pathway
GO:0016476	0	0	GO_terms	pathway
GO:0016477	0	0	GO_terms	pathway
GO:0016567	0	0	GO_terms	pathway
GO:0016579	0	0	GO_terms	pathway
GO:0016581	0	0	GO_terms	pathway
GO:0016592	0	0	GO_terms	pathway
GO:0016597	0	0	GO_terms	pathway
GO:0016600	0	0	GO_terms	pathway
GO:0016614	0	0	GO_terms	pathway
GO:0016616	0	0	GO_terms	pathway
GO:0016627	0	0	GO_terms	pathway
GO:0016639	0	0	GO_terms	pathway
GO:0016717	0	0	GO_terms	pathway
GO:0016747	0	0	GO_terms	pathway
GO:0016779	0	0	GO_terms	pathway
GO:0016783	0	0	GO_terms	pathway
GO:0016787	0	0	GO_terms	pathway
GO:0016791	0	0	GO_terms	pathway
GO:0016811	0	0	GO_terms	pathway
GO:0016887	0.0006324067822225	0	GO_terms	pathway
GO:0017018	0	0	GO_terms	pathway
GO:0017022	0	0	GO_terms	pathway
GO:0017025	0	0	GO_terms	pathway
GO:0017053	0.00288978799772032	0	GO_terms	pathway
GO:0017080	0	0	GO_terms	pathway
GO:0017085	0	0	GO_terms	pathway
GO:0017147	0	0	GO_terms	pathway
GO:0018094	0	0	GO_terms	pathway
GO:0018279	0	0	GO_terms	pathway
GO:0018444	0	0	GO_terms	pathway
GO:0019001	0	0	GO_terms	pathway
GO:0019221	0	0	GO_terms	pathway
GO:0019510	0	0	GO_terms	pathway
GO:0019682	0	0	GO_terms	pathway
GO:0019722	0	0	GO_terms	pathway
GO:0019752	0	0	GO_terms	pathway
GO:0019784	0	0	GO_terms	pathway
GO:0019827	0	0	GO_terms	pathway
GO:0019843	0	0	GO_terms	pathway
GO:0019896	0	0	GO_terms	pathway
GO:0019900	0	0	GO_terms	pathway
GO:0019901	0	0	GO_terms	pathway
GO:0019904	0	0	GO_terms	pathway
GO:0019905	0	0	GO_terms	pathway
GO:0019915	0	0	GO_terms	pathway
GO:0019934	0	0	GO_terms	pathway
GO:0019941	0	0	GO_terms	pathway
GO:0019953	0	0	GO_terms	pathway
GO:0019991	0	0	GO_terms	pathway
GO:0021551	0	0	GO_terms	pathway
GO:0022008	0	0.00402671830426963	GO_terms	pathway
GO:0022409	0	0	GO_terms	pathway
GO:0022416	0	0	GO_terms	pathway
GO:0022625	0	0	GO_terms	pathway
GO:0022626	0	0	GO_terms	pathway
GO:0022627	0	0	GO_terms	pathway
GO:0022834	0	0	GO_terms	pathway
GO:0022848	0	0	GO_terms	pathway
GO:0022849	0	0	GO_terms	pathway
GO:0022851	0	0	GO_terms	pathway
GO:0022857	0	0	GO_terms	pathway
GO:0022900	0	0	GO_terms	pathway
GO:0022904	0	0	GO_terms	pathway
GO:0030010	0	0	GO_terms	pathway
GO:0030018	0	0	GO_terms	pathway
GO:0030027	0	0	GO_terms	pathway
GO:0030030	0	0	GO_terms	pathway
GO:0030031	0	0	GO_terms	pathway
GO:0030032	0	0	GO_terms	pathway
GO:0030036	0	0.00267123496144846	GO_terms	pathway
GO:0030048	0	0	GO_terms	pathway
GO:0030054	0	0	GO_terms	pathway
GO:0030071	0	0	GO_terms	pathway
GO:0030117	0	0	GO_terms	pathway
GO:0030122	0	0	GO_terms	pathway
GO:0030123	0	0	GO_terms	pathway
GO:0030131	0	0	GO_terms	pathway
GO:0030139	0	0	GO_terms	pathway
GO:0030141	0	0	GO_terms	pathway
GO:0030145	0	0	GO_terms	pathway
GO:0030154	0	0	GO_terms	pathway
GO:0030159	0	0	GO_terms	pathway
GO:0030170	0.00354730990278273	0	GO_terms	pathway
GO:0030175	0	0	GO_terms	pathway
GO:0030182	0	0	GO_terms	pathway
GO:0030215	0	0	GO_terms	pathway
GO:0030234	0	0	GO_terms	pathway
GO:0030239	0	0	GO_terms	pathway
GO:0030246	0	0	GO_terms	pathway
GO:0030261	0	0	GO_terms	pathway
GO:0030265	0	0	GO_terms	pathway
GO:0030286	0	0.003772505409456	GO_terms	pathway
GO:0030307	0	0	GO_terms	pathway
GO:0030317	0	0	GO_terms	pathway
GO:0030332	0	0	GO_terms	pathway
GO:0030334	0	0	GO_terms	pathway
GO:0030335	0	0	GO_terms	pathway
GO:0030388	0	0	GO_terms	pathway
GO:0030414	0	0	GO_terms	pathway
GO:0030424	0	0	GO_terms	pathway
GO:0030426	0	0	GO_terms	pathway
GO:0030431	0	0	GO_terms	pathway
GO:0030506	0	0	GO_terms	pathway
GO:0030510	0	0	GO_terms	pathway
GO:0030514	0	0	GO_terms	pathway
GO:0030527	0	0	GO_terms	pathway
GO:0030532	0	0	GO_terms	pathway
GO:0030534	0	0	GO_terms	pathway
GO:0030552	0	0	GO_terms	pathway
GO:0030589	0	0	GO_terms	pathway
GO:0030619	0	0	GO_terms	pathway
GO:0030620	0	0	GO_terms	pathway
GO:0030623	0	0	GO_terms	pathway
GO:0030641	0	0	GO_terms	pathway
GO:0030659	0	0	GO_terms	pathway
GO:0030672	0	0	GO_terms	pathway
GO:0030674	0	0	GO_terms	pathway
GO:0030686	0	0	GO_terms	pathway
GO:0030707	0	0	GO_terms	pathway
GO:0030718	0	0	GO_terms	pathway
GO:0030723	0	0	GO_terms	pathway
GO:0030832	0	0	GO_terms	pathway
GO:0030833	0	0	GO_terms	pathway
GO:0030838	0	0	GO_terms	pathway
GO:0030864	0	0	GO_terms	pathway
GO:0030866	0	0	GO_terms	pathway
GO:0030891	0	0	GO_terms	pathway
GO:0030892	0	0	GO_terms	pathway
GO:0030904	0	0	GO_terms	pathway
GO:0030906	0	0	GO_terms	pathway
GO:0030911	0	0	GO_terms	pathway
GO:0030915	0	0	GO_terms	pathway
GO:0030942	0	0	GO_terms	pathway
GO:0030948	0	0	GO_terms	pathway
GO:0031010	0	0	GO_terms	pathway
GO:0031032	0	0	GO_terms	pathway
GO:0031072	0	0	GO_terms	pathway
GO:0031145	0	0	GO_terms	pathway
GO:0031201	0	0	GO_terms	pathway
GO:0031204	0	0	GO_terms	pathway
GO:0031209	0	0	GO_terms	pathway
GO:0031234	0	0	GO_terms	pathway
GO:0031267	0	0	GO_terms	pathway
GO:0031369	0	0.00316072163663488	GO_terms	pathway
GO:0031371	0	0	GO_terms	pathway
GO:0031372	0	0	GO_terms	pathway
GO:0031386	0	0	GO_terms	pathway
GO:0031396	0	0	GO_terms	pathway
GO:0031398	0	0	GO_terms	pathway
GO:0031410	0	0.00179918345531932	GO_terms	pathway
GO:0031418	0	0	GO_terms	pathway
GO:0031430	0	0	GO_terms	pathway
GO:0031440	0	0	GO_terms	pathway
GO:0031453	0	0	GO_terms	pathway
GO:0031462	0	0	GO_terms	pathway
GO:0031463	0	0	GO_terms	pathway
GO:0031475	0	0	GO_terms	pathway
GO:0031476	0	0	GO_terms	pathway
GO:0031477	0	0	GO_terms	pathway
GO:0031489	0	0	GO_terms	pathway
GO:0031491	0	0	GO_terms	pathway
GO:0031588	0	0	GO_terms	pathway
GO:0031594	0	0	GO_terms	pathway
GO:0031616	0	0	GO_terms	pathway
GO:0031623	0	0	GO_terms	pathway
GO:0031624	0	0.00205647945266667	GO_terms	pathway
GO:0031629	0	0	GO_terms	pathway
GO:0031647	0	0	GO_terms	pathway
GO:0031670	0	0	GO_terms	pathway
GO:0031683	0	0	GO_terms	pathway
GO:0031902	0	0	GO_terms	pathway
GO:0031932	0	0	GO_terms	pathway
GO:0031966	0	0	GO_terms	pathway
GO:0031982	0	0	GO_terms	pathway
GO:0032007	0	0	GO_terms	pathway
GO:0032008	0	0	GO_terms	pathway
GO:0032021	0	0	GO_terms	pathway
GO:0032036	0	0	GO_terms	pathway
GO:0032039	0	0	GO_terms	pathway
GO:0032044	0	0	GO_terms	pathway
GO:0032182	0	0	GO_terms	pathway
GO:0032183	0	0	GO_terms	pathway
GO:0032259	0	0	GO_terms	pathway
GO:0032291	0	0	GO_terms	pathway
GO:0032435	0	0	GO_terms	pathway
GO:0032436	0	0	GO_terms	pathway
GO:0032456	0	0	GO_terms	pathway
GO:0032482	0	0	GO_terms	pathway
GO:0032507	0	0	GO_terms	pathway
GO:0032509	0	0	GO_terms	pathway
GO:0032549	0	0	GO_terms	pathway
GO:0032785	0	0	GO_terms	pathway
GO:0032794	0	0	GO_terms	pathway
GO:0032940	0	0	GO_terms	pathway
GO:0032956	0	0	GO_terms	pathway
GO:0032991	0	0	GO_terms	pathway
GO:0032993	0	0	GO_terms	pathway
GO:0033119	0	0	GO_terms	pathway
GO:0033120	0	0	GO_terms	pathway
GO:0033176	0	0	GO_terms	pathway
GO:0033179	0	0	GO_terms	pathway
GO:0033180	0	0	GO_terms	pathway
GO:0033181	0	0	GO_terms	pathway
GO:0033209	0	0	GO_terms	pathway
GO:0033299	0	0	GO_terms	pathway
GO:0033363	0	0	GO_terms	pathway
GO:0033500	0	0	GO_terms	pathway
GO:0033503	0	0	GO_terms	pathway
GO:0033583	0	0	GO_terms	pathway
GO:0033619	0	0	GO_terms	pathway
GO:0033627	0	0	GO_terms	pathway
GO:0033962	0	0	GO_terms	pathway
GO:0034046	0	0	GO_terms	pathway
GO:0034198	0	0	GO_terms	pathway
GO:0034236	0	0	GO_terms	pathway
GO:0034244	0	0	GO_terms	pathway
GO:0034314	0	0	GO_terms	pathway
GO:0034334	0	0	GO_terms	pathway
GO:0034446	0	0	GO_terms	pathway
GO:0034472	0	0	GO_terms	pathway
GO:0034587	0	0	GO_terms	pathway
GO:0034602	0	0	GO_terms	pathway
GO:0034604	0	0	GO_terms	pathway
GO:0034644	0	0	GO_terms	pathway
GO:0034693	0	0	GO_terms	pathway
GO:0034719	0	0	GO_terms	pathway
GO:0034976	0	0	GO_terms	pathway
GO:0035002	0	0	GO_terms	pathway
GO:0035003	0	0	GO_terms	pathway
GO:0035011	0	0	GO_terms	pathway
GO:0035017	0	0	GO_terms	pathway
GO:0035019	0	0	GO_terms	pathway
GO:0035041	0	0	GO_terms	pathway
GO:0035050	0	0	GO_terms	pathway
GO:0035060	0	0	GO_terms	pathway
GO:0035062	0	0	GO_terms	pathway
GO:0035069	0	0	GO_terms	pathway
GO:0035073	0	0	GO_terms	pathway
GO:0035075	0	0	GO_terms	pathway
GO:0035091	0	0	GO_terms	pathway
GO:0035092	0	0	GO_terms	pathway
GO:0035096	0	0	GO_terms	pathway
GO:0035097	0	0	GO_terms	pathway
GO:0035098	0	0	GO_terms	pathway
GO:0035099	0	0	GO_terms	pathway
GO:0035147	0	0	GO_terms	pathway
GO:0035149	0	0	GO_terms	pathway
GO:0035151	0	0	GO_terms	pathway
GO:0035153	0	0	GO_terms	pathway
GO:0035159	0	0	GO_terms	pathway
GO:0035160	0	0	GO_terms	pathway
GO:0035167	0	0	GO_terms	pathway
GO:0035197	0	0	GO_terms	pathway
GO:0035204	0	0	GO_terms	pathway
GO:0035206	0	0	GO_terms	pathway
GO:0035212	0	0	GO_terms	pathway
GO:0035220	0	0	GO_terms	pathway
GO:0035225	0	0	GO_terms	pathway
GO:0035249	0	0	GO_terms	pathway
GO:0035277	0	0	GO_terms	pathway
GO:0035288	0	0	GO_terms	pathway
GO:0035293	0	0	GO_terms	pathway
GO:0035309	0	0	GO_terms	pathway
GO:0035313	0	0	GO_terms	pathway
GO:0035317	0	0	GO_terms	pathway
GO:0035329	0	0	GO_terms	pathway
GO:0035331	0	0	GO_terms	pathway
GO:0035332	0	0	GO_terms	pathway
GO:0035435	0	0	GO_terms	pathway
GO:0035556	0	0.0014879292422736	GO_terms	pathway
GO:0035605	0	0	GO_terms	pathway
GO:0035615	0	0	GO_terms	pathway
GO:0035627	0	0	GO_terms	pathway
GO:0035632	0	0	GO_terms	pathway
GO:0035725	0	0	GO_terms	pathway
GO:0035859	0	0	GO_terms	pathway
GO:0036011	0	0	GO_terms	pathway
GO:0036098	0	0	GO_terms	pathway
GO:0036099	0	0	GO_terms	pathway
GO:0036122	0	0	GO_terms	pathway
GO:0036126	0	0	GO_terms	pathway
GO:0036156	0	0	GO_terms	pathway
GO:0036157	0	0	GO_terms	pathway
GO:0036158	0	0	GO_terms	pathway
GO:0036211	0	0	GO_terms	pathway
GO:0036335	0	0	GO_terms	pathway
GO:0036402	0	0	GO_terms	pathway
GO:0038001	0	0	GO_terms	pathway
GO:0038066	0	0	GO_terms	pathway
GO:0038187	0	0	GO_terms	pathway
GO:0040008	0	0	GO_terms	pathway
GO:0040011	0	0	GO_terms	pathway
GO:0040018	0	0	GO_terms	pathway
GO:0040040	0	0	GO_terms	pathway
GO:0042026	0	0	GO_terms	pathway
GO:0042052	0	0	GO_terms	pathway
GO:0042059	0	0	GO_terms	pathway
GO:0042060	0	0	GO_terms	pathway
GO:0042062	0	0	GO_terms	pathway
GO:0042067	0	0	GO_terms	pathway
GO:0042127	0	0	GO_terms	pathway
GO:0042147	0	0	GO_terms	pathway
GO:0042273	0	0	GO_terms	pathway
GO:0042274	0	0	GO_terms	pathway
GO:0042278	0	0	GO_terms	pathway
GO:0042391	0	0	GO_terms	pathway
GO:0042416	0	0	GO_terms	pathway
GO:0042500	0	0	GO_terms	pathway
GO:0042542	0	0	GO_terms	pathway
GO:0042555	0	0	GO_terms	pathway
GO:0042593	0	0	GO_terms	pathway
GO:0042594	0	0	GO_terms	pathway
GO:0042600	0	0	GO_terms	pathway
GO:0042626	0	0	GO_terms	pathway
GO:0042645	0	0	GO_terms	pathway
GO:0042659	0	0	GO_terms	pathway
GO:0042675	0	0	GO_terms	pathway
GO:0042691	0	0	GO_terms	pathway
GO:0042719	0	0	GO_terms	pathway
GO:0042720	0	0	GO_terms	pathway
GO:0042721	0	0	GO_terms	pathway
GO:0042734	0	0	GO_terms	pathway
GO:0042744	0	0	GO_terms	pathway
GO:0042752	0	0	GO_terms	pathway
GO:0042756	0	0	GO_terms	pathway
GO:0042759	0	0	GO_terms	pathway
GO:0042789	0	0	GO_terms	pathway
GO:0042797	0	0	GO_terms	pathway
GO:0042802	0	0	GO_terms	pathway
GO:0042803	0	0	GO_terms	pathway
GO:0042813	0	0	GO_terms	pathway
GO:0042834	0	0	GO_terms	pathway
GO:0042995	0	0	GO_terms	pathway
GO:0043001	0	0	GO_terms	pathway
GO:0043005	0	0	GO_terms	pathway
GO:0043014	0	0	GO_terms	pathway
GO:0043025	0.00089719629836037	0	GO_terms	pathway
GO:0043052	0	0	GO_terms	pathway
GO:0043065	0.00088274445950773	0	GO_terms	pathway
GO:0043066	0	0	GO_terms	pathway
GO:0043068	0	0	GO_terms	pathway
GO:0043152	0	0	GO_terms	pathway
GO:0043161	0	0	GO_terms	pathway
GO:0043190	0	0	GO_terms	pathway
GO:0043195	0	0	GO_terms	pathway
GO:0043204	0	0	GO_terms	pathway
GO:0043231	0	0	GO_terms	pathway
GO:0043296	0	0	GO_terms	pathway
GO:0043408	0	0	GO_terms	pathway
GO:0043409	0	0	GO_terms	pathway
GO:0043490	0	0	GO_terms	pathway
GO:0043524	0	0	GO_terms	pathway
GO:0043565	0	0.00024406384791101	GO_terms	pathway
GO:0043614	0	0	GO_terms	pathway
GO:0043679	0	0	GO_terms	pathway
GO:0043695	0	0	GO_terms	pathway
GO:0043697	0	0	GO_terms	pathway
GO:0044183	0	0	GO_terms	pathway
GO:0044291	0	0	GO_terms	pathway
GO:0044297	0	0	GO_terms	pathway
GO:0044547	0	0	GO_terms	pathway
GO:0044754	0	0	GO_terms	pathway
GO:0044877	0	0	GO_terms	pathway
GO:0045039	0	0	GO_terms	pathway
GO:0045041	0	0	GO_terms	pathway
GO:0045048	0	0	GO_terms	pathway
GO:0045087	0	0	GO_terms	pathway
GO:0045116	0	0	GO_terms	pathway
GO:0045145	0	0	GO_terms	pathway
GO:0045165	0	0	GO_terms	pathway
GO:0045167	0	0	GO_terms	pathway
GO:0045169	0	0.00130977651441644	GO_terms	pathway
GO:0045172	0	0	GO_terms	pathway
GO:0045176	0	0	GO_terms	pathway
GO:0045177	0	0	GO_terms	pathway
GO:0045178	0	0	GO_terms	pathway
GO:0045179	0	0	GO_terms	pathway
GO:0045186	0	0	GO_terms	pathway
GO:0045187	0	0	GO_terms	pathway
GO:0045196	0	0	GO_terms	pathway
GO:0045198	0	0	GO_terms	pathway
GO:0045199	0	0	GO_terms	pathway
GO:0045200	0	0	GO_terms	pathway
GO:0045202	0	0	GO_terms	pathway
GO:0045211	0	0	GO_terms	pathway
GO:0045214	0	0	GO_terms	pathway
GO:0045242	0	0	GO_terms	pathway
GO:0045244	0	0	GO_terms	pathway
GO:0045252	0	0	GO_terms	pathway
GO:0045254	0	0	GO_terms	pathway
GO:0045259	0	0	GO_terms	pathway
GO:0045271	0	0	GO_terms	pathway
GO:0045273	0	0	GO_terms	pathway
GO:0045275	0	0	GO_terms	pathway
GO:0045294	0	0	GO_terms	pathway
GO:0045296	0	0	GO_terms	pathway
GO:0045324	0	0	GO_terms	pathway
GO:0045333	0	0	GO_terms	pathway
GO:0045451	0	0	GO_terms	pathway
GO:0045455	0	0	GO_terms	pathway
GO:0045463	0	0	GO_terms	pathway
GO:0045464	0	0	GO_terms	pathway
GO:0045466	0	0	GO_terms	pathway
GO:0045467	0	0	GO_terms	pathway
GO:0045471	0	0	GO_terms	pathway
GO:0045475	0	0	GO_terms	pathway
GO:0045476	0	0	GO_terms	pathway
GO:0045494	0	0.00268284456723198	GO_terms	pathway
GO:0045495	0	0	GO_terms	pathway
GO:0045499	0	0	GO_terms	pathway
GO:0045504	0	0	GO_terms	pathway
GO:0045505	0	0	GO_terms	pathway
GO:0045570	0	0	GO_terms	pathway
GO:0045572	0	0.00092612651294608	GO_terms	pathway
GO:0045664	0	0	GO_terms	pathway
GO:0045666	0	0	GO_terms	pathway
GO:0045676	0	0	GO_terms	pathway
GO:0045677	0	0	GO_terms	pathway
GO:0045727	0	0	GO_terms	pathway
GO:0045732	0	0	GO_terms	pathway
GO:0045747	0	0	GO_terms	pathway
GO:0045751	0	0	GO_terms	pathway
GO:0045752	0	0	GO_terms	pathway
GO:0045773	0	0	GO_terms	pathway
GO:0045792	0	0	GO_terms	pathway
GO:0045793	0	0	GO_terms	pathway
GO:0045807	0	0	GO_terms	pathway
GO:0045815	0	0	GO_terms	pathway
GO:0045819	0	0	GO_terms	pathway
GO:0045842	0	0	GO_terms	pathway
GO:0045860	0	0	GO_terms	pathway
GO:0045861	0	0	GO_terms	pathway
GO:0045873	0	0	GO_terms	pathway
GO:0045879	0	0	GO_terms	pathway
GO:0045880	0	0	GO_terms	pathway
GO:0045886	0	0	GO_terms	pathway
GO:0045887	0	0	GO_terms	pathway
GO:0045892	0	0	GO_terms	pathway
GO:0045893	0	0	GO_terms	pathway
GO:0045938	0	0	GO_terms	pathway
GO:0045944	0	0	GO_terms	pathway
GO:0045995	0	0	GO_terms	pathway
GO:0046328	0	0	GO_terms	pathway
GO:0046329	0	0	GO_terms	pathway
GO:0046330	0	0	GO_terms	pathway
GO:0046488	0	0	GO_terms	pathway
GO:0046512	0	0	GO_terms	pathway
GO:0046513	0	0	GO_terms	pathway
GO:0046529	0	0	GO_terms	pathway
GO:0046540	0	0	GO_terms	pathway
GO:0046597	0	0	GO_terms	pathway
GO:0046621	0	0	GO_terms	pathway
GO:0046627	0	0	GO_terms	pathway
GO:0046628	0	0	GO_terms	pathway
GO:0046664	0	0	GO_terms	pathway
GO:0046666	0	0	GO_terms	pathway
GO:0046667	0	0	GO_terms	pathway
GO:0046673	0	0	GO_terms	pathway
GO:0046716	0	0	GO_terms	pathway
GO:0046718	0	0	GO_terms	pathway
GO:0046839	0	0	GO_terms	pathway
GO:0046843	0.00243377710907374	0	GO_terms	pathway
GO:0046854	0	0	GO_terms	pathway
GO:0046856	0	0	GO_terms	pathway
GO:0046928	0	0	GO_terms	pathway
GO:0046933	0	0	GO_terms	pathway
GO:0046959	0	0	GO_terms	pathway
GO:0046961	0	0	GO_terms	pathway
GO:0046982	0.00029538189407242	0.00165845688909864	GO_terms	pathway
GO:0046983	0	0	GO_terms	pathway
GO:0047407	0	0	GO_terms	pathway
GO:0047496	0	0	GO_terms	pathway
GO:0047961	0	0	GO_terms	pathway
GO:0048010	0	0	GO_terms	pathway
GO:0048015	0	0	GO_terms	pathway
GO:0048026	0	0	GO_terms	pathway
GO:0048027	0	0	GO_terms	pathway
GO:0048036	0	0	GO_terms	pathway
GO:0048052	0	0	GO_terms	pathway
GO:0048056	0	0	GO_terms	pathway
GO:0048076	0	0	GO_terms	pathway
GO:0048082	0	0	GO_terms	pathway
GO:0048100	0	0	GO_terms	pathway
GO:0048102	0	0.0040932511393281	GO_terms	pathway
GO:0048140	0	0	GO_terms	pathway
GO:0048142	0	0	GO_terms	pathway
GO:0048148	0	0	GO_terms	pathway
GO:0048149	0	0	GO_terms	pathway
GO:0048150	0	0	GO_terms	pathway
GO:0048167	0	0	GO_terms	pathway
GO:0048172	0	0	GO_terms	pathway
GO:0048190	0	0	GO_terms	pathway
GO:0048311	0	0	GO_terms	pathway
GO:0048312	0	0.00153790620101908	GO_terms	pathway
GO:0048471	0	0	GO_terms	pathway
GO:0048477	0	0	GO_terms	pathway
GO:0048488	0	0	GO_terms	pathway
GO:0048489	0	0	GO_terms	pathway
GO:0048490	0	0	GO_terms	pathway
GO:0048500	0	0	GO_terms	pathway
GO:0048512	0	0	GO_terms	pathway
GO:0048542	0	0	GO_terms	pathway
GO:0048546	0	0	GO_terms	pathway
GO:0048617	0	0	GO_terms	pathway
GO:0048636	0	0	GO_terms	pathway
GO:0048644	0	0	GO_terms	pathway
GO:0048666	0	0	GO_terms	pathway
GO:0048675	0	0	GO_terms	pathway
GO:0048678	0	0	GO_terms	pathway
GO:0048738	0	0	GO_terms	pathway
GO:0048749	0	0	GO_terms	pathway
GO:0048786	0	0	GO_terms	pathway
GO:0048789	0	0	GO_terms	pathway
GO:0048790	0	0	GO_terms	pathway
GO:0048800	0	0	GO_terms	pathway
GO:0048803	0	0	GO_terms	pathway
GO:0048812	0.00066117621876554	0	GO_terms	pathway
GO:0048813	0	0	GO_terms	pathway
GO:0048814	0	0	GO_terms	pathway
GO:0048841	0	0	GO_terms	pathway
GO:0048846	0	0	GO_terms	pathway
GO:0048863	0	0	GO_terms	pathway
GO:0048870	0	0	GO_terms	pathway
GO:0050660	0	0	GO_terms	pathway
GO:0050661	0	0	GO_terms	pathway
GO:0050714	0	0	GO_terms	pathway
GO:0050770	0.00187853334292889	0	GO_terms	pathway
GO:0050772	0	0	GO_terms	pathway
GO:0050773	0	0	GO_terms	pathway
GO:0050776	0	0	GO_terms	pathway
GO:0050803	0.00021207745919462	0	GO_terms	pathway
GO:0050804	0	0	GO_terms	pathway
GO:0050807	0	0	GO_terms	pathway
GO:0050808	0	0.00279379482276098	GO_terms	pathway
GO:0050811	0	0	GO_terms	pathway
GO:0050821	0	0	GO_terms	pathway
GO:0050833	0	0	GO_terms	pathway
GO:0050839	0	0	GO_terms	pathway
GO:0050884	0	0	GO_terms	pathway
GO:0050891	0	0	GO_terms	pathway
GO:0050908	0	0	GO_terms	pathway
GO:0050909	0	0	GO_terms	pathway
GO:0050919	0	0	GO_terms	pathway
GO:0050965	0	0	GO_terms	pathway
GO:0050976	0	0	GO_terms	pathway
GO:0050982	0	0	GO_terms	pathway
GO:0051012	0	0	GO_terms	pathway
GO:0051015	0	0	GO_terms	pathway
GO:0051017	0	0	GO_terms	pathway
GO:0051028	0	0	GO_terms	pathway
GO:0051082	0	0	GO_terms	pathway
GO:0051085	0	0	GO_terms	pathway
GO:0051087	0	0	GO_terms	pathway
GO:0051117	0	0	GO_terms	pathway
GO:0051119	0	0	GO_terms	pathway
GO:0051123	0	0	GO_terms	pathway
GO:0051124	0	0	GO_terms	pathway
GO:0051156	0	0	GO_terms	pathway
GO:0051260	0	0	GO_terms	pathway
GO:0051287	0	0	GO_terms	pathway
GO:0051294	0	0	GO_terms	pathway
GO:0051299	0	0	GO_terms	pathway
GO:0051451	0	0	GO_terms	pathway
GO:0051453	0	0	GO_terms	pathway
GO:0051489	0	0	GO_terms	pathway
GO:0051491	0	0.00665477737993366	GO_terms	pathway
GO:0051536	0	0	GO_terms	pathway
GO:0051598	0	0	GO_terms	pathway
GO:0051601	0	0	GO_terms	pathway
GO:0051642	0	0	GO_terms	pathway
GO:0051792	0	0	GO_terms	pathway
GO:0051793	0	0	GO_terms	pathway
GO:0051959	0	0	GO_terms	pathway
GO:0051963	0	0	GO_terms	pathway
GO:0055001	0	0	GO_terms	pathway
GO:0055028	0	0	GO_terms	pathway
GO:0055037	0	0	GO_terms	pathway
GO:0055038	0	0	GO_terms	pathway
GO:0055059	0	0	GO_terms	pathway
GO:0055064	0	0	GO_terms	pathway
GO:0055075	0	0	GO_terms	pathway
GO:0055085	0	0	GO_terms	pathway
GO:0055088	0	0	GO_terms	pathway
GO:0055117	0	0	GO_terms	pathway
GO:0060025	0	0	GO_terms	pathway
GO:0060027	0	0	GO_terms	pathway
GO:0060070	0	0	GO_terms	pathway
GO:0060074	0	0.00909317820133941	GO_terms	pathway
GO:0060180	0	0	GO_terms	pathway
GO:0060213	0	0	GO_terms	pathway
GO:0060253	0	0	GO_terms	pathway
GO:0060294	0	0	GO_terms	pathway
GO:0060296	0	0	GO_terms	pathway
GO:0060326	0	0	GO_terms	pathway
GO:0060439	0	0	GO_terms	pathway
GO:0060586	0	0	GO_terms	pathway
GO:0060628	0	0	GO_terms	pathway
GO:0060810	0	0	GO_terms	pathway
GO:0060857	0	0	GO_terms	pathway
GO:0060914	0	0	GO_terms	pathway
GO:0061014	0	0	GO_terms	pathway
GO:0061025	0	0	GO_terms	pathway
GO:0061077	0	0	GO_terms	pathway
GO:0061174	0	0	GO_terms	pathway
GO:0061343	0	0	GO_terms	pathway
GO:0061575	0	0	GO_terms	pathway
GO:0061608	0	0	GO_terms	pathway
GO:0061609	0	0	GO_terms	pathway
GO:0061621	0	0	GO_terms	pathway
GO:0061630	0	0	GO_terms	pathway
GO:0061631	0	0	GO_terms	pathway
GO:0061700	0	0	GO_terms	pathway
GO:0061724	0	0	GO_terms	pathway
GO:0061883	0	0	GO_terms	pathway
GO:0061909	0	0	GO_terms	pathway
GO:0062130	0	0	GO_terms	pathway
GO:0070006	0	0	GO_terms	pathway
GO:0070059	0	0	GO_terms	pathway
GO:0070085	0	0	GO_terms	pathway
GO:0070125	0	0	GO_terms	pathway
GO:0070180	0	0	GO_terms	pathway
GO:0070300	0	0	GO_terms	pathway
GO:0070371	0	0	GO_terms	pathway
GO:0070373	0	0	GO_terms	pathway
GO:0070449	0	0	GO_terms	pathway
GO:0070534	0	0	GO_terms	pathway
GO:0070588	0	0	GO_terms	pathway
GO:0070593	0	0	GO_terms	pathway
GO:0070628	0	0	GO_terms	pathway
GO:0070725	0	0	GO_terms	pathway
GO:0070732	0	0	GO_terms	pathway
GO:0070822	0	0	GO_terms	pathway
GO:0070847	0	0	GO_terms	pathway
GO:0070855	0	0	GO_terms	pathway
GO:0070864	0	0	GO_terms	pathway
GO:0070936	0	0	GO_terms	pathway
GO:0070979	0	0	GO_terms	pathway
GO:0070983	0	0	GO_terms	pathway
GO:0071004	0	0	GO_terms	pathway
GO:0071011	0	0	GO_terms	pathway
GO:0071013	0	0	GO_terms	pathway
GO:0071162	0	0	GO_terms	pathway
GO:0071204	0	0	GO_terms	pathway
GO:0071212	0	0	GO_terms	pathway
GO:0071243	0	0	GO_terms	pathway
GO:0071276	0	0	GO_terms	pathway
GO:0071313	0	0	GO_terms	pathway
GO:0071361	0	0	GO_terms	pathway
GO:0071481	0	0	GO_terms	pathway
GO:0071482	0	0	GO_terms	pathway
GO:0071526	0	0	GO_terms	pathway
GO:0071541	0	0	GO_terms	pathway
GO:0071560	0	0	GO_terms	pathway
GO:0071565	0	0	GO_terms	pathway
GO:0071689	0	0	GO_terms	pathway
GO:0071711	0.00737346444981846	0	GO_terms	pathway
GO:0071805	0	0.00045388806254197	GO_terms	pathway
GO:0071896	0	0	GO_terms	pathway
GO:0071907	0	0	GO_terms	pathway
GO:0071963	0	0	GO_terms	pathway
GO:0072347	0	0	GO_terms	pathway
GO:0072375	0	0	GO_terms	pathway
GO:0072499	0	0	GO_terms	pathway
GO:0072518	0	0	GO_terms	pathway
GO:0072553	0	0	GO_terms	pathway
GO:0072593	0	0	GO_terms	pathway
GO:0072657	0	0	GO_terms	pathway
GO:0072659	0	0	GO_terms	pathway
GO:0090090	0	0	GO_terms	pathway
GO:0090163	0	0	GO_terms	pathway
GO:0090175	0	0	GO_terms	pathway
GO:0090254	0	0	GO_terms	pathway
GO:0090263	0	0	GO_terms	pathway
GO:0090266	0	0	GO_terms	pathway
GO:0090303	0	0	GO_terms	pathway
GO:0090328	0	0	GO_terms	pathway
GO:0090443	0	0	GO_terms	pathway
GO:0090528	0	0	GO_terms	pathway
GO:0097027	0	0	GO_terms	pathway
GO:0097150	0	0	GO_terms	pathway
GO:0097254	0	0	GO_terms	pathway
GO:0097255	0	0	GO_terms	pathway
GO:0097320	0	0	GO_terms	pathway
GO:0097345	0	0	GO_terms	pathway
GO:0097352	0	0	GO_terms	pathway
GO:0097482	0	0	GO_terms	pathway
GO:0097484	0	0	GO_terms	pathway
GO:0097526	0	0	GO_terms	pathway
GO:0097550	0	0	GO_terms	pathway
GO:0097718	0	0	GO_terms	pathway
GO:0097720	0	0	GO_terms	pathway
GO:0097729	0	0	GO_terms	pathway
GO:0098553	0	0	GO_terms	pathway
GO:0098592	0	0	GO_terms	pathway
GO:0098655	0	0	GO_terms	pathway
GO:0098700	0	0	GO_terms	pathway
GO:0098703	0	0	GO_terms	pathway
GO:0098754	0	0	GO_terms	pathway
GO:0098794	0	0	GO_terms	pathway
GO:0098839	0	0.00600618437315586	GO_terms	pathway
GO:0098978	0	0	GO_terms	pathway
GO:0099054	0	0	GO_terms	pathway
GO:0099503	0	0	GO_terms	pathway
GO:0099523	0	0	GO_terms	pathway
GO:0099524	0	0	GO_terms	pathway
GO:0099525	0	0	GO_terms	pathway
GO:0099617	0	0	GO_terms	pathway
GO:0106037	0	0	GO_terms	pathway
GO:0106300	0	0	GO_terms	pathway
GO:0106389	0	0	GO_terms	pathway
GO:0110069	0	0	GO_terms	pathway
GO:0120020	0	0	GO_terms	pathway
GO:0120176	0	0	GO_terms	pathway
GO:0120177	0	0	GO_terms	pathway
GO:0120293	0	0	GO_terms	pathway
GO:0140255	0	0	GO_terms	pathway
GO:0140293	0	0	GO_terms	pathway
GO:0140297	0	0.00846063822204061	GO_terms	pathway
GO:0140359	0	0	GO_terms	pathway
GO:0140490	0	0	GO_terms	pathway
GO:0140492	0	0	GO_terms	pathway
GO:0140662	0	0	GO_terms	pathway
GO:0140673	0	0	GO_terms	pathway
GO:0140750	0	0	GO_terms	pathway
GO:0140861	0	0	GO_terms	pathway
GO:0140961	0	0	GO_terms	pathway
GO:0140965	0	0	GO_terms	pathway
GO:0140990	0	0.00234789959929492	GO_terms	pathway
GO:0150013	0	0	GO_terms	pathway
GO:1900006	0	0	GO_terms	pathway
GO:1900037	0	0	GO_terms	pathway
GO:1900073	0	0.00053844345991654	GO_terms	pathway
GO:1900074	0	0	GO_terms	pathway
GO:1900087	0	0	GO_terms	pathway
GO:1900242	0	0	GO_terms	pathway
GO:1900407	0	0	GO_terms	pathway
GO:1901888	0	0	GO_terms	pathway
GO:1902358	0	0	GO_terms	pathway
GO:1902476	0	0	GO_terms	pathway
GO:1902600	0	0.00691084733195984	GO_terms	pathway
GO:1902669	0	0	GO_terms	pathway
GO:1902692	0	0	GO_terms	pathway
GO:1902711	0	0	GO_terms	pathway
GO:1902936	0	0	GO_terms	pathway
GO:1903265	0	0	GO_terms	pathway
GO:1903391	0	0	GO_terms	pathway
GO:1903475	0	0	GO_terms	pathway
GO:1903687	0	0	GO_terms	pathway
GO:1903688	0	0	GO_terms	pathway
GO:1903804	0	0	GO_terms	pathway
GO:1904115	0	0	GO_terms	pathway
GO:1904262	0	0	GO_terms	pathway
GO:1904263	0	0	GO_terms	pathway
GO:1904293	0	0	GO_terms	pathway
GO:1904315	0	0	GO_terms	pathway
GO:1904677	0	0	GO_terms	pathway
GO:1904801	0	0	GO_terms	pathway
GO:1905761	0	0	GO_terms	pathway
GO:1905786	0	0	GO_terms	pathway
GO:1990130	0	0	GO_terms	pathway
GO:1990182	0	0	GO_terms	pathway
GO:1990547	0	0	GO_terms	pathway
GO:1990573	0	0	GO_terms	pathway
GO:1990709	0	0	GO_terms	pathway
GO:1990726	0	0	GO_terms	pathway
GO:1990756	0.00084316240058612	0	GO_terms	pathway
GO:1990757	0	0	GO_terms	pathway
GO:1990904	0	0	GO_terms	pathway
GO:1990907	0	0	GO_terms	pathway
GO:1990909	0	0	GO_terms	pathway
GO:2000059	0	0	GO_terms	pathway
GO:2000147	0	0	GO_terms	pathway
GO:2000252	0	0	GO_terms	pathway
GO:2000331	0	0	GO_terms	pathway
GO:2000435	0	0	GO_terms	pathway
GRL	0	0	gene_group	pathway
GTPASE-U	0	0	gene_group	pathway
GUSTR	0	0	gene_group	pathway
hemocyte_mean_exp	0	0.00390910180514591	mean_percelltype	Gene_expression
HH-SMON	0	0	signaling_pathway	pathway
HH-SMOP	0	0	signaling_pathway	pathway
HSP10	0	0	gene_group	pathway
HSP70	0	0	gene_group	pathway
HSSF	0	0	gene_group	pathway
Hydrophilic_percent	0.00036436387857907	0.00034953068853124	aa_composition	aa_composition
Hydrophobic_percent	0.00074253087265318	0	aa_composition	aa_composition
I-SPN	0	0	gene_group	pathway
IDH-UC	0	0	gene_group	pathway
Ile_percent	0.027094403031373	0.0478321538363022	aa_composition	aa_composition
IMA	0	0	gene_group	pathway
IMB	0	0	gene_group	pathway
INO80	0	0	gene_group	pathway
INS-C	0	0	signaling_pathway	pathway
INS-N	0	0	signaling_pathway	pathway
INS-P	0	0	signaling_pathway	pathway
INT	0	0	gene_group	pathway
INTAC	0	0	gene_group	pathway
interneuron_mean_exp	0.00187296031682979	0.0078076143092356	mean_percelltype	Gene_expression
INTOAK	0	0	gene_group	pathway
INTOC	0	0	gene_group	pathway
INX	0	0	gene_group	pathway
IR-ANT	0	0	gene_group	pathway
IR-DIV	0	0	gene_group	pathway
JAKSTAT-C	0	0	signaling_pathway	pathway
JAMM-DUB	0	0	gene_group	pathway
KIF	0	0	gene_group	pathway
Knoblich_mRNA_L3_CNS_neuroblast_(FBlc0000505)	0.0004572331106404	0.00287128010932357	expression	Gene_expression
Knoblich_mRNA_L3_CNS_neuron_(FBlc0000506)	0.00564526366053574	0.00180443807531574	expression	Gene_expression
KV-A	0	0	gene_group	pathway
LAT	0	0	gene_group	pathway
LPL	0	0	gene_group	pathway
LPP	0	0	gene_group	pathway
M67-NPH	0	0	gene_group	pathway
male_germline_cell_mean_exp	0.00184658103797186	0.00687562699967036	mean_percelltype	Gene_expression
MALSH	0	0	metabolic_pathway	pathway
max_phastCons	0	0.00094596531767139	Phastcons	Conservation
MCI-A	0	0	gene_group	pathway
MCI-AF	0	0	gene_group	pathway
MCI-C	0	0	gene_group	pathway
MCI-T	0	0	gene_group	pathway
MCI-U	0	0	gene_group	pathway
MCII-U	0	0	gene_group	pathway
MCIII-U	0	0	gene_group	pathway
MCM2-7	0	0	gene_group	pathway
MCV-CS	0	0	gene_group	pathway
MCV-U	0	0	gene_group	pathway
mE_mRNA_1182-4H_cells_(FBlc0000267)	0	0.0051779314971723	expression	Gene_expression
mE_mRNA_A_10d_Resveratrol_100uM_(FBlc0000672)	0	0.00188410641466976	expression	Gene_expression
mE_mRNA_A_10d_Rotenone_Starved_(FBlc0000673)	0.0193429698448152	0	expression	Gene_expression
mE_mRNA_A_1d_carcass_(FBlc0000218)	0	0	expression	Gene_expression
mE_mRNA_A_1d_dig_sys_(FBlc0000219)	0	0	expression	Gene_expression
mE_mRNA_A_20d_carcass_(FBlc0000220)	0	0	expression	Gene_expression
mE_mRNA_A_20d_dig_sys_(FBlc0000221)	0.00118746784575339	0	expression	Gene_expression
mE_mRNA_A_4d_Caffeine_2.5mg/ml_(FBlc0000244)	0	0	expression	Gene_expression
mE_mRNA_A_4d_Caffeine_25mg/ml_(FBlc0000243)	0	0	expression	Gene_expression
mE_mRNA_A_4d_carcass_(FBlc0000222)	0	0	expression	Gene_expression
mE_mRNA_A_4d_Cd_0.05M_(FBlc0000247)	0.00072664126781786	0	expression	Gene_expression
mE_mRNA_A_4d_Cd_0.1M_(FBlc0000246)	0	0.00383902340870926	expression	Gene_expression
mE_mRNA_A_4d_Cold1_(FBlc0000237)	0	0	expression	Gene_expression
mE_mRNA_A_4d_Cold2_(FBlc0000238)	0	0	expression	Gene_expression
mE_mRNA_A_4d_Cu_15mM_(FBlc0000241)	0	0.00046592627277743	expression	Gene_expression
mE_mRNA_A_4d_dig_sys_(FBlc0000223)	0	0	expression	Gene_expression
mE_mRNA_A_4d_Heatshock_(FBlc0000257)	0.00046399356484882	0	expression	Gene_expression
mE_mRNA_A_4d_Paraquat_10mM_(FBlc0000251)	0.00104269202006132	0	expression	Gene_expression
mE_mRNA_A_4d_Paraquat_5mM_(FBlc0000250)	0.00146023273456387	0	expression	Gene_expression
mE_mRNA_A_4d_Zn_4.5mM_(FBlc0000242)	0	0.00705875691143086	expression	Gene_expression
mE_mRNA_A_MateF_1d_head_(FBlc0000207)	0	0.00210789708573916	expression	Gene_expression
mE_mRNA_A_MateF_20d_head_(FBlc0000212)	0	0	expression	Gene_expression
mE_mRNA_A_MateF_4d_head_(FBlc0000213)	0	0	expression	Gene_expression
mE_mRNA_A_MateF_4d_ovary_(FBlc0000208)	0	0	expression	Gene_expression
mE_mRNA_A_MateM_1d_head_(FBlc0000209)	0	0	expression	Gene_expression
mE_mRNA_A_MateM_20d_head_(FBlc0000214)	0	0	expression	Gene_expression
mE_mRNA_A_MateM_4d_acc_gland_(FBlc0000215)	0	0	expression	Gene_expression
mE_mRNA_A_MateM_4d_head_(FBlc0000216)	0.00074277157869047	0	expression	Gene_expression
mE_mRNA_A_MateM_4d_testis_(FBlc0000217)	0.00381236299954737	0.0155755258469721	expression	Gene_expression
mE_mRNA_A_VirF_1d_head_(FBlc0000210)	0	0.0004881415512877	expression	Gene_expression
mE_mRNA_A_VirF_20d_head_(FBlc0000231)	0	0	expression	Gene_expression
mE_mRNA_A_VirF_4d_head_(FBlc0000211)	0	0.00330781982173705	expression	Gene_expression
mE_mRNA_A_VirF_4d_ovary_(FBlc0000232)	0	0	expression	Gene_expression
mE_mRNA_AdF_Ecl_1days_(FBlc0000110)	0.00176237183138521	0	expression	Gene_expression
mE_mRNA_AdF_Ecl_30days_(FBlc0000112)	0	0	expression	Gene_expression
mE_mRNA_AdF_Ecl_5days_(FBlc0000111)	0	0.00125183387200063	expression	Gene_expression
mE_mRNA_AdM_Ecl_1days_(FBlc0000113)	0.00216186895533419	0	expression	Gene_expression
mE_mRNA_AdM_Ecl_30days_(FBlc0000115)	0.00885347404793665	0	expression	Gene_expression
mE_mRNA_AdM_Ecl_5days_(FBlc0000114)	0.0009362074075286	0.0011770606294515	expression	Gene_expression
mE_mRNA_BG1-c1_cells_(FBlc0000270)	0	0	expression	Gene_expression
mE_mRNA_BG2-c2_cells_(FBlc0000264)	0	0	expression	Gene_expression
mE_mRNA_CME_L1_cells_(FBlc0000268)	0	0	expression	Gene_expression
mE_mRNA_CME-W2_cells_(FBlc0000261)	0	0	expression	Gene_expression
mE_mRNA_D11_cells_(FBlc0000271)	0	0	expression	Gene_expression
mE_mRNA_D16-c3_cells_(FBlc0000272)	0	0.00164362448239529	expression	Gene_expression
mE_mRNA_D17-c3_cells_(FBlc0000273)	0	0.00349654819125269	expression	Gene_expression
mE_mRNA_D20-c5_cells_(FBlc0000265)	0	0.00090902919509876	expression	Gene_expression
mE_mRNA_D21_cells_(FBlc0000274)	0	0	expression	Gene_expression
mE_mRNA_D32_cells_(FBlc0000275)	0	0	expression	Gene_expression
mE_mRNA_D4-c1_cells_(FBlc0000276)	0	0	expression	Gene_expression
mE_mRNA_D8_cells_(FBlc0000277)	0	0	expression	Gene_expression
mE_mRNA_D9_cells_(FBlc0000278)	0	0	expression	Gene_expression
mE_mRNA_em0-2hr_(FBlc0000086)	0.00299842811549759	0	expression	Gene_expression
mE_mRNA_em10-12hr_(FBlc0000091)	0.00019210913532636	0.00113761137376042	expression	Gene_expression
mE_mRNA_em12-14hr_(FBlc0000092)	0	0.00263373037264786	expression	Gene_expression
mE_mRNA_em14-16hr_(FBlc0000093)	0.00234878781362991	0.00203182731145509	expression	Gene_expression
mE_mRNA_em16-18hr_(FBlc0000094)	0.00067592144056724	0	expression	Gene_expression
mE_mRNA_em18-20hr_(FBlc0000095)	0	0.00198102716158815	expression	Gene_expression
mE_mRNA_em2-4hr_(FBlc0000087)	0.00196238305900289	0	expression	Gene_expression
mE_mRNA_em20-22hr_(FBlc0000096)	0.0002662473790813	0.00095824897225259	expression	Gene_expression
mE_mRNA_em22-24hr_(FBlc0000097)	0.00052574979331907	0	expression	Gene_expression
mE_mRNA_em4-6hr_(FBlc0000088)	0.00561519854188866	0.00153174669493857	expression	Gene_expression
mE_mRNA_em6-8hr_(FBlc0000089)	0.00109120954719291	0	expression	Gene_expression
mE_mRNA_em8-10hr_(FBlc0000090)	0.00245462644775576	0.00801207948136889	expression	Gene_expression
mE_mRNA_F_Sindbis_virus_(FBlc0000674)	0	0.00984059515356304	expression	Gene_expression
mE_mRNA_fGS_cells_(FBlc0000284)	0	0.00165124426959384	expression	Gene_expression
mE_mRNA_GM2_cells_(FBlc0000262)	0	0	expression	Gene_expression
mE_mRNA_Kc167_cells_(FBlc0000269)	0.00215704470441319	0	expression	Gene_expression
mE_mRNA_L_Sindbis_virus_(FBlc0000675)	0	0	expression	Gene_expression
mE_mRNA_L1_(FBlc0000098)	0.00069785026380473	0	expression	Gene_expression
mE_mRNA_L2_(FBlc0000099)	0	0	expression	Gene_expression
mE_mRNA_L3_12hr_(FBlc0000100)	0	0	expression	Gene_expression
mE_mRNA_L3_Caffeine_1.5mg/ml_(FBlc0000245)	0.00058897022426183	0	expression	Gene_expression
mE_mRNA_L3_Cd_12h_(FBlc0000248)	0.00100588491026733	0	expression	Gene_expression
mE_mRNA_L3_Cd_6hr_(FBlc0000249)	0	0	expression	Gene_expression
mE_mRNA_L3_CNS_(FBlc0000225)	0.00184772084608758	6.44740344892271e-09	expression	Gene_expression
mE_mRNA_L3_Cu_0.5mM_(FBlc0000239)	0	0	expression	Gene_expression
mE_mRNA_L3_EtOH_10_(FBlc0000254)	0	0	expression	Gene_expression
mE_mRNA_L3_EtOH_2.5_(FBlc0000256)	0.00338889440053744	0.00130199065769785	expression	Gene_expression
mE_mRNA_L3_EtOH_5_(FBlc0000255)	0	0.0027158996235539	expression	Gene_expression
mE_mRNA_L3_late_Zn_5mM_(FBlc0000240)	0	0	expression	Gene_expression
mE_mRNA_L3_PS1-2_(FBlc0000101)	0	6.76112208194435e-06	expression	Gene_expression
mE_mRNA_L3_PS3-6_(FBlc0000102)	0	0	expression	Gene_expression
mE_mRNA_L3_PS7-9_(FBlc0000103)	0	0.00056913861019192	expression	Gene_expression
mE_mRNA_L3_Rotenone_2ug_(FBlc0000253)	0	0.00209129784574	expression	Gene_expression
mE_mRNA_L3_Rotenone_8ug_(FBlc0000252)	0	0.00232019216451488	expression	Gene_expression
mE_mRNA_L3_Wand_carcass_(FBlc0000226)	0	0	expression	Gene_expression
mE_mRNA_L3_Wand_dig_sys_(FBlc0000227)	0	0	expression	Gene_expression
mE_mRNA_L3_Wand_fat_(FBlc0000228)	0	0	expression	Gene_expression
mE_mRNA_L3_Wand_imag_disc_(FBlc0000229)	0.00674682261967028	0.00920946039297747	expression	Gene_expression
mE_mRNA_L3_Wand_saliv_(FBlc0000230)	0	0.00036357702630415	expression	Gene_expression
mE_mRNA_M_Sindbis_virus_(FBlc0000676)	0.00153917433166843	0	expression	Gene_expression
mE_mRNA_mbn2_cells_(FBlc0000263)	0	0.00397333528646416	expression	Gene_expression
mE_mRNA_OSC_cells_(FBlc0000283)	0	0	expression	Gene_expression
mE_mRNA_OSS_cells_(FBlc0000282)	0.00175390496547968	0	expression	Gene_expression
mE_mRNA_P_Sindbis_virus_(FBlc0000677)	0	0.00327551658781723	expression	Gene_expression
mE_mRNA_P15_(FBlc0000109)	0	0	expression	Gene_expression
mE_mRNA_P5_(FBlc0000105)	0	0.00346672613138193	expression	Gene_expression
mE_mRNA_P6_(FBlc0000106)	0.00196468215131338	0	expression	Gene_expression
mE_mRNA_P8_(FBlc0000107)	0	0	expression	Gene_expression
mE_mRNA_P8_CNS_(FBlc0000224)	0	0	expression	Gene_expression
mE_mRNA_P8_fat_(FBlc0000235)	0	0	expression	Gene_expression
mE_mRNA_P9-10_(FBlc0000108)	0.00148167258077327	0.00154426223250169	expression	Gene_expression
mE_mRNA_S1_cells_(FBlc0000279)	0	0.00625485233675386	expression	Gene_expression
mE_mRNA_S2R+_cells_(FBlc0000280)	0	0	expression	Gene_expression
mE_mRNA_S3_cells_(FBlc0000266)	0	0	expression	Gene_expression
mE_mRNA_Sg4_cells_(FBlc0000281)	0	0	expression	Gene_expression
mE_mRNA_WPP_(FBlc0000104)	0.00132635647102937	0	expression	Gene_expression
mE_mRNA_WPP_fat_(FBlc0000233)	0.00391732913147454	0	expression	Gene_expression
mE_mRNA_WPP_saliv_(FBlc0000234)	0	0	expression	Gene_expression
mean_phastCons	0.213915045159737	0.0970043483800294	Phastcons	Conservation
mean_SIFT	0.003975670502346	0.016368510582774	SIFT	Conservation
MED	0	0	gene_group	pathway
MEN	0	0	gene_group	pathway
Met_percent	0.0230173182898286	0.0150145709806448	aa_composition	aa_composition
MLC-CAM	0	0	gene_group	pathway
motor_neuron_mean_exp	0.00658956720223039	0.00704382503294102	mean_percelltype	Gene_expression
MRPS	0	0	gene_group	pathway
MTH	0	0	gene_group	pathway
MTN	0	0	gene_group	pathway
MUCS	0	0	gene_group	pathway
muscle_cell_mean_exp	0.00390368764129316	0	mean_percelltype	Gene_expression
MYO-M	0	0	gene_group	pathway
N-SPN	0	0	gene_group	pathway
NAAAT-U	0	0	gene_group	pathway
NACHR	0	0.00131798953775562	gene_group	pathway
NAMAA	0.00067190129682237	0	gene_group	pathway
NAV-B	0	0	gene_group	pathway
NCBAP	0	0	gene_group	pathway
NELF	0	0	gene_group	pathway
nephrocyte_mean_exp	0.00063064256316998	0.0156829196920319	mean_percelltype	Gene_expression
NEPL	0	0	gene_group	pathway
neuron_mean_exp	0	0.00264388610219841	mean_percelltype	Gene_expression
Nonpolar_percent	0.00088111755334805	0.00194775652859884	aa_composition	aa_composition
NPR	0	0	gene_group	pathway
NTCH-C	0	0	signaling_pathway	pathway
NTCH-P	0	0	signaling_pathway	pathway
NURD	0	0	gene_group	pathway
OBP	0	0	gene_group	pathway
oenocyte_mean_exp	0.00510006814602303	0	mean_percelltype	Gene_expression
OGDH-C	0	0	gene_group	pathway
OSTA	0	0	gene_group	pathway
OSTB	0	0	gene_group	pathway
OXRCHNH2NAD	0	0	gene_group	pathway
OXRNAD-U	0	0	gene_group	pathway
OXRPMO2O-U	0	0	gene_group	pathway
OXRPMOP	0	0	gene_group	pathway
p95_phastCons	0	0.00418993036325897	Phastcons	Conservation
PBAP	0	0	gene_group	pathway
PCSN	0	0	gene_group	pathway
PDC-S	0	0	gene_group	pathway
PDC-T	0	0	gene_group	pathway
Phe_percent	0.0124404727359399	0.00198994655225223	aa_composition	aa_composition
PKA	0	0	gene_group	pathway
PLC	0	0	gene_group	pathway
PMETH-U	0	0	gene_group	pathway
Polar_percent	0.00236628678471648	0.00718795017496312	aa_composition	aa_composition
PPDOX	0	0	gene_group	pathway
PPP	0	0	gene_group	pathway
PRC2	0	0	gene_group	pathway
PRC2-JJ	0	0	gene_group	pathway
Pro_percent	0.0101990510561652	0.0104087068766475	aa_composition	aa_composition
prop_exp_epidermal_cell	0	0	prop_percelltype	Gene_expression
prop_exp_epithelial_cell	0.00170335460625912	0	prop_percelltype	Gene_expression
prop_exp_fat_cell	0	0.00380466077549345	prop_percelltype	Gene_expression
prop_exp_female_germline_cell	0	0	prop_percelltype	Gene_expression
prop_exp_glial_cell	0.00143994416644291	0.00182524859260457	prop_percelltype	Gene_expression
prop_exp_hemocyte	0.00018098398069955	0.00195430166758096	prop_percelltype	Gene_expression
prop_exp_interneuron	0.00129351058657335	0.00515100555640479	prop_percelltype	Gene_expression
prop_exp_male_germline_cell	0.0224970293962727	0.00306060785844104	prop_percelltype	Gene_expression
prop_exp_motor_neuron	0.00156117275901391	0.00334304708175935	prop_percelltype	Gene_expression
prop_exp_muscle_cell	0.00060286072068868	0.0068233014087832	prop_percelltype	Gene_expression
prop_exp_nephrocyte	0	0	prop_percelltype	Gene_expression
prop_exp_neuron	0	0.00357439927517995	prop_percelltype	Gene_expression
prop_exp_oenocyte	0	0	prop_percelltype	Gene_expression
prop_exp_semen-secreting_cell_of_the_male_reproductive_system	0.00138086988555506	0	prop_percelltype	Gene_expression
prop_exp_sensory_neuron	0	0	prop_percelltype	Gene_expression
prop_exp_sensory_organ_cell	0	0	prop_percelltype	Gene_expression
prop_exp_somatic_cell_of_ovariole	0	0	prop_percelltype	Gene_expression
prop_exp_somatic_cell_of_testis	0.00098269197185929	0.00840184732448881	prop_percelltype	Gene_expression
prop_exp_somatic_precursor_cell	0.00730497962817514	0	prop_percelltype	Gene_expression
prop_exp_specialized_Malpighian_tubule_cell	0	0.00176989453677469	prop_percelltype	Gene_expression
prop_exp_tendon_cell	0	0	prop_percelltype	Gene_expression
prop_exp_tracheocyte	0	0	prop_percelltype	Gene_expression
PROT	0	0	gene_group	pathway
PSM26S	0	0	gene_group	pathway
PSM26S-T	0	0	gene_group	pathway
PTA	0	0	gene_group	pathway
PVR-C	0	0	signaling_pathway	pathway
PVR-N	0	0	signaling_pathway	pathway
PYDH	0	0	gene_group	pathway
QB-SNARE	0	0	gene_group	pathway
RAB	0	0	gene_group	pathway
RABGAP	0	0	gene_group	pathway
RABGEF-DENN	0	0	gene_group	pathway
RAS	0	0	gene_group	pathway
RASGAP-D	0	0	gene_group	pathway
recombination_rate	0.082043067762404	0.0352459455882589	gene_structure	gene_structure
RETRO	0	0	gene_group	pathway
RH	0	0	gene_group	pathway
RHO	0	0	gene_group	pathway
RNA-Seq_Profile_FlyAtlas2_Adult_Female_Brain_(FBlc0003619)	0.00185330629799047	0.00300899925522391	expression	Gene_expression
RNA-Seq_Profile_FlyAtlas2_Adult_Female_Carcass_(FBlc0003621)	0	0	expression	Gene_expression
RNA-Seq_Profile_FlyAtlas2_Adult_Female_Crop_(FBlc0003620)	0	0	expression	Gene_expression
RNA-Seq_Profile_FlyAtlas2_Adult_Female_Eye_(FBlc0003622)	0.0124198941670413	0	expression	Gene_expression
RNA-Seq_Profile_FlyAtlas2_Adult_Female_FatBody_(FBlc0003623)	0	0	expression	Gene_expression
RNA-Seq_Profile_FlyAtlas2_Adult_Female_Head_(FBlc0003624)	0.00200578138372114	0.00907021505446324	expression	Gene_expression
RNA-Seq_Profile_FlyAtlas2_Adult_Female_Heart_(FBlc0003724)	0	0	expression	Gene_expression
RNA-Seq_Profile_FlyAtlas2_Adult_Female_Hindgut_(FBlc0003625)	0	0	expression	Gene_expression
RNA-Seq_Profile_FlyAtlas2_Adult_Female_MalpighianTubule_(FBlc0003631)	0	0	expression	Gene_expression
RNA-Seq_Profile_FlyAtlas2_Adult_Female_Mated_Spermathecum_(FBlc0003632)	0	0	expression	Gene_expression
RNA-Seq_Profile_FlyAtlas2_Adult_Female_Midgut_(FBlc0003626)	0	0	expression	Gene_expression
RNA-Seq_Profile_FlyAtlas2_Adult_Female_Ovary_(FBlc0003627)	0.00090467808640901	0	expression	Gene_expression
RNA-Seq_Profile_FlyAtlas2_Adult_Female_RectalPad_(FBlc0003628)	0	0	expression	Gene_expression
RNA-Seq_Profile_FlyAtlas2_Adult_Female_SalivaryGland_(FBlc0003629)	0	0	expression	Gene_expression
RNA-Seq_Profile_FlyAtlas2_Adult_Female_ThoracicoAbdominalGanglion_(FBlc0003630)	0	0	expression	Gene_expression
RNA-Seq_Profile_FlyAtlas2_Adult_Female_Virgin_Spermathecum_(FBlc0003633)	0	0	expression	Gene_expression
RNA-Seq_Profile_FlyAtlas2_Adult_Female_Whole_(FBlc0003634)	0	0	expression	Gene_expression
RNA-Seq_Profile_FlyAtlas2_Adult_Male_AccessoryGland_(FBlc0003648)	0	0	expression	Gene_expression
RNA-Seq_Profile_FlyAtlas2_Adult_Male_Brain_(FBlc0003635)	0.00633752553141894	0	expression	Gene_expression
RNA-Seq_Profile_FlyAtlas2_Adult_Male_Carcass_(FBlc0003637)	0	0	expression	Gene_expression
RNA-Seq_Profile_FlyAtlas2_Adult_Male_Crop_(FBlc0003636)	0	0	expression	Gene_expression
RNA-Seq_Profile_FlyAtlas2_Adult_Male_Eye_(FBlc0003638)	0	0	expression	Gene_expression
RNA-Seq_Profile_FlyAtlas2_Adult_Male_FatBody_(FBlc0003639)	0	0	expression	Gene_expression
RNA-Seq_Profile_FlyAtlas2_Adult_Male_Head_(FBlc0003640)	0	0.00109068735576846	expression	Gene_expression
RNA-Seq_Profile_FlyAtlas2_Adult_Male_Heart_(FBlc0003725)	0	0	expression	Gene_expression
RNA-Seq_Profile_FlyAtlas2_Adult_Male_Hindgut_(FBlc0003641)	0	0.00133091237372444	expression	Gene_expression
RNA-Seq_Profile_FlyAtlas2_Adult_Male_MalpighianTubule_(FBlc0003646)	0	0	expression	Gene_expression
RNA-Seq_Profile_FlyAtlas2_Adult_Male_Midgut_(FBlc0003642)	0.00047876208605381	0	expression	Gene_expression
RNA-Seq_Profile_FlyAtlas2_Adult_Male_RectalPad_(FBlc0003643)	0	0	expression	Gene_expression
RNA-Seq_Profile_FlyAtlas2_Adult_Male_SalivaryGland_(FBlc0003644)	0.00249064575668811	0.00093321423719201	expression	Gene_expression
RNA-Seq_Profile_FlyAtlas2_Adult_Male_Testis_(FBlc0003647)	0.0180834849813452	0.00790274957649355	expression	Gene_expression
RNA-Seq_Profile_FlyAtlas2_Adult_Male_ThoracicoAbdominalGanglion_(FBlc0003645)	0	0	expression	Gene_expression
RNA-Seq_Profile_FlyAtlas2_Adult_Male_Whole_(FBlc0003649)	0	0.00437806088903808	expression	Gene_expression
RNA-Seq_Profile_FlyAtlas2_L3_Carcass_(FBlc0003657)	0	0.00098308299912898	expression	Gene_expression
RNA-Seq_Profile_FlyAtlas2_L3_CNS_(FBlc0003650)	0.00744011191907891	0.00332591316456877	expression	Gene_expression
RNA-Seq_Profile_FlyAtlas2_L3_FatBody_(FBlc0003651)	0	0	expression	Gene_expression
RNA-Seq_Profile_FlyAtlas2_L3_Garland_Organ_(FBlc0006089)	0	0.00101149160543428	expression	Gene_expression
RNA-Seq_Profile_FlyAtlas2_L3_Hindgut_(FBlc0003652)	0	0	expression	Gene_expression
RNA-Seq_Profile_FlyAtlas2_L3_MalpighianTubule_(FBlc0003653)	0	0	expression	Gene_expression
RNA-Seq_Profile_FlyAtlas2_L3_Midgut_(FBlc0003654)	0	0	expression	Gene_expression
RNA-Seq_Profile_FlyAtlas2_L3_SalivaryGland_(FBlc0003655)	0	0.0180304424161252	expression	Gene_expression
RNA-Seq_Profile_FlyAtlas2_L3_Trachea_(FBlc0003656)	0	0	expression	Gene_expression
RNA-Seq_Profile_FlyAtlas2_L3_Whole_(FBlc0003658)	0	0	expression	Gene_expression
RNAMT-U	0	0	gene_group	pathway
RNAPI	0	0	gene_group	pathway
RNAPII	0	0	gene_group	pathway
RNAPIII	0	0	gene_group	pathway
RNAPOL-C	0	0	gene_group	pathway
RPL	0	0	gene_group	pathway
RPN	0	0	gene_group	pathway
RPS	0	0	gene_group	pathway
RPT	0	0	gene_group	pathway
S-LAP	0	0	gene_group	pathway
S1A-NPH	0	0	gene_group	pathway
S26P	0	0	gene_group	pathway
SAGA	0	0	gene_group	pathway
SCAV-C	0	0	gene_group	pathway
SCF-SLMB	0	0	gene_group	pathway
SEC61T-CG8860	0	0	gene_group	pathway
SEC61T-G2	0	0	gene_group	pathway
SEMA	0	0	gene_group	pathway
semen-secreting_cell_of_the_male_reproductive_system_mean_exp	0	0	mean_percelltype	Gene_expression
sensory_neuron_mean_exp	0	0.0009435696945872	mean_percelltype	Gene_expression
sensory_organ_cell_mean_exp	0	0.00491950830540855	mean_percelltype	Gene_expression
SEPT-C12P	0	0	gene_group	pathway
Ser_percent	0.00313152352224225	0.00715862302317598	aa_composition	aa_composition
SEVL-N	0	0	signaling_pathway	pathway
sim_mel_dn	0.0308895353215819	0.0202913647872173	DnDs	Conservation
sim_mel_dnds	0.0430277115508469	0.022159910288524	DnDs	Conservation
sim_mel_ds	0	0	DnDs	Conservation
SLC12	0	0	gene_group	pathway
SLC13	0	0	gene_group	pathway
SLC16	0.00202001133905585	0	gene_group	pathway
SLC17	0	0	gene_group	pathway
SLC22	0	0	gene_group	pathway
SLC25	0	0.0120371661084889	gene_group	pathway
SLC26	0	0	gene_group	pathway
SLC35	0	0	gene_group	pathway
SLC36	0	0	gene_group	pathway
SLC6	0	0	gene_group	pathway
SLP-C-P	0	0	gene_group	pathway
SM	0	0	gene_group	pathway
somatic_cell_of_ovariole_mean_exp	0	0	mean_percelltype	Gene_expression
somatic_cell_of_testis_mean_exp	0.00183100625284372	0.00429705621616333	mean_percelltype	Gene_expression
somatic_precursor_cell_mean_exp	0	0	mean_percelltype	Gene_expression
SP-T	0	0	gene_group	pathway
specialized_Malpighian_tubule_cell_mean_exp	0.00032214326843911	3.40287097790385e-05	mean_percelltype	Gene_expression
SPL-C-A	0	0	gene_group	pathway
SPL-C-B	0	0	gene_group	pathway
SPL-C-C	0	0	gene_group	pathway
SR-C	0	0	gene_group	pathway
SRP	0	0	gene_group	pathway
STE7-MAPKK	0	0	gene_group	pathway
STP-U	0	0	gene_group	pathway
STRIPAK	0	0	gene_group	pathway
SUCL	0	0	gene_group	pathway
SUCLAC	0	0	gene_group	pathway
SUCT	0	0	gene_group	pathway
SWH-C	0	0	signaling_pathway	pathway
SWH-N	0	0	signaling_pathway	pathway
SWH-P	0	0	signaling_pathway	pathway
SWR1	0	0	gene_group	pathway
T-TAF	0	0	gene_group	pathway
TA	0	0	gene_group	pathway
TAGLN	0	0	gene_group	pathway
tendon_cell_mean_exp	0	0	mean_percelltype	Gene_expression
TFIID	0	0	gene_group	pathway
TFIIE	0	0	gene_group	pathway
TFIIH-C	0	0	gene_group	pathway
Thr_percent	0.00079155216360106	0	aa_composition	aa_composition
threeUTR_GC_content	0.00101991624880939	0.00552400926641299	gene_structure	gene_structure
threeUTR_length	0.00075566948132387	0.0106566858717138	gene_structure	gene_structure
TIM813-U	0	0	gene_group	pathway
TIMM22	0	0	gene_group	pathway
TIP60	0	0	gene_group	pathway
TL-NFN	0	0	signaling_pathway	pathway
TL-NFP	0	0	signaling_pathway	pathway
TLNF-CEF	0	0	gene_group	pathway
TLNF-CIF	0	0	gene_group	pathway
TLNF-CRF	0	0	gene_group	pathway
TLNF-CRRF	0	0	gene_group	pathway
TLNF-MEF	0	0	gene_group	pathway
TM9SF	0	0	gene_group	pathway
TMEM135	0	0	gene_group	pathway
TMR-U	0	0	gene_group	pathway
TNF-C	0	0	signaling_pathway	pathway
TNF-P	0	0	signaling_pathway	pathway
TOMM	0	0	gene_group	pathway
TORC	0	0	gene_group	pathway
TORC2	0	0	gene_group	pathway
TORS-N	0	0	signaling_pathway	pathway
TORS-P	0	0	signaling_pathway	pathway
TOT	0	0	gene_group	pathway
Total_aas	0	0	aa_composition	aa_composition
TPNC	0	0	gene_group	pathway
tracheocyte_mean_exp	0	0.00079029429193662	mean_percelltype	Gene_expression
TRAF	0	0	gene_group	pathway
transcript_count	0.00332058324604524	0.00151871641375489	gene_structure	gene_structure
transcript_GC_content	0.00678585542702052	0.0131553374796536	gene_structure	gene_structure
transcript_length	0.0013877348766374	0.00618545645271301	gene_structure	gene_structure
TRFC	0	0	gene_group	pathway
TRGTP	0	0	gene_group	pathway
TRP	0	0.00128860366362935	gene_group	pathway
Trp_percent	0.00347476647540623	0.00133381966869859	aa_composition	aa_composition
TWS-PP2A	0	0	gene_group	pathway
Tyr_percent	0.0107247302323588	0.00711728115662463	aa_composition	aa_composition
U1	0	0	gene_group	pathway
U2	0	0	gene_group	pathway
U2AF	0	0	gene_group	pathway
U4-U6	0	0	gene_group	pathway
U4-U6-U5	0	0	gene_group	pathway
U5	0	0	gene_group	pathway
U7	0	0	gene_group	pathway
U7-SM	0	0	gene_group	pathway
UB	0	0	gene_group	pathway
UDPGLAB	0	0	metabolic_pathway	pathway
UGT	0	0	gene_group	pathway
USP-DUB	0	0	gene_group	pathway
Val_percent	0.00612848959201433	0	aa_composition	aa_composition
VCB	0	0	gene_group	pathway
VHA-V0	0	0.00773754172948028	gene_group	pathway
VHA-V1-CAT	0	0	gene_group	pathway
VHA-V1-NONCAT	0	0	gene_group	pathway
WDB-PP2A	0	0	gene_group	pathway
WNT-E	0	0	gene_group	pathway
WNT-TCFC	0	0	signaling_pathway	pathway
WNT-TCFN	0	0	signaling_pathway	pathway
WNT-TCFP	0	0.00080431036989537	signaling_pathway	pathway
WRC	0	0	gene_group	pathway
yak_mel_dn	0.0198928490458966	0.0176114564022983	DnDs	Conservation
yak_mel_dnds	0.0648458601882335	0.0203858668322246	DnDs	Conservation
yak_mel_ds	0	0.00159956854579541	DnDs	Conservation
ZF-C2H2	0	0.00170057724328789	gene_group	pathway
